Age,Sex,linename
35,여자,올리브
35,여자,올리브
31,여자,미네랄 메이크업
31,여자,미네랄 메이크업
31,여자,미네랄 메이크업
31,여자,미네랄 메이크업
31,여자,미네랄 메이크업
31,여자,미네랄 메이크업
30,여자,미네랄 메이크업
30,여자,미네랄 메이크업
30,여자,미네랄 메이크업
30,여자,미네랄 메이크업
30,여자,미네랄 메이크업
30,여자,미네랄 메이크업
32,여자,미네랄 메이크업
32,여자,미네랄 메이크업
32,여자,미네랄 메이크업
32,여자,미네랄 메이크업
32,여자,미네랄 메이크업
32,여자,미네랄 메이크업
32,여자,기타
32,여자,기타
32,남자,기타
32,남자,기타
32,남자,기타
32,남자,기타
32,남자,퍼펙트 9리페어
32,남자,제주 발효콩
32,남자,제주 그린티
32,남자,제주 그린티
32,남자,제주 그린티
32,남자,제주 그린티
29,여자,더 미니멈
29,여자,미네랄 메이크업
29,여자,미네랄 메이크업
29,여자,미네랄 메이크업
29,여자,미네랄 메이크업
29,여자,미네랄 메이크업
29,여자,미네랄 메이크업
29,여자,더 미니멈
29,여자,더 미니멈
29,여자,더 미니멈
29,여자,더 미니멈
29,여자,더 미니멈
38,여자,기타
38,여자,제주 한란
41,여자,미네랄 메이크업
41,여자,미네랄 메이크업
41,여자,미네랄 메이크업
41,여자,미네랄 메이크업
41,여자,미네랄 메이크업
41,여자,미네랄 메이크업
30,남자,기타
25,여자,미네랄 메이크업
25,여자,미네랄 메이크업
25,여자,미네랄 메이크업
25,여자,미네랄 메이크업
25,여자,미네랄 메이크업
25,여자,미네랄 메이크업
26,여자,제주 그린티
26,여자,제주 그린티
26,여자,제주 그린티
26,여자,제주 그린티
27,여자,기타
27,여자,기타
27,여자,기타
27,여자,기타
27,여자,기타
27,여자,기타
27,남자,기타
27,남자,기타
27,남자,기타
27,남자,기타
27,남자,기타
27,남자,기타
25,여자,미네랄 메이크업
25,여자,기타
25,여자,미네랄 메이크업
25,여자,미네랄 메이크업
25,여자,미네랄 메이크업
25,여자,미네랄 메이크업
25,여자,트루케어
25,여자,기타
25,여자,기타
25,여자,기타
25,여자,기타
25,여자,기타
25,여자,기타
25,여자,기타
25,여자,기타
25,여자,기타
25,여자,기타
25,여자,기타
25,여자,미네랄 메이크업
22,여자,기타
22,여자,기타
22,여자,기타
21,여자,기타
21,여자,기타
21,여자,기타
21,여자,기타
27,여자,기타
27,여자,기타
27,여자,기타
27,여자,기타
27,여자,기타
27,여자,기타
27,여자,미네랄 메이크업
27,여자,미네랄 메이크업
27,여자,미네랄 메이크업
27,여자,미네랄 메이크업
27,여자,미네랄 메이크업
27,여자,미네랄 메이크업
27,여자,제주 그린티
27,여자,기타
27,여자,기타
27,여자,기타
27,여자,기타
27,여자,기타
27,여자,기타
27,여자,기타
27,여자,기타
27,여자,기타
27,여자,기타
27,여자,기타
24,여자,기타
24,여자,기타
24,여자,기타
24,여자,기타
24,여자,기타
28,남자,미네랄 메이크업
28,남자,미네랄 메이크업
28,남자,미네랄 메이크업
28,남자,미네랄 메이크업
28,남자,미네랄 메이크업
28,남자,미네랄 메이크업
27,여자,트루케어
27,여자,트루케어
24,여자,트루케어
23,여자,제주 비자
37,여자,기타
68,남자,포레스트
26,여자,올리브
26,여자,트루케어
31,여자,기타
31,여자,슈퍼푸드
28,여자,기타
28,여자,기타
28,여자,기타
28,여자,기타
28,여자,기타
28,여자,기타
28,여자,제주 그린티
24,여자,기타
28,여자,기타
28,여자,기타
28,여자,기타
28,여자,기타
28,여자,기타
28,여자,기타
28,여자,기타
28,여자,미네랄 메이크업
28,여자,미네랄 메이크업
28,여자,미네랄 메이크업
28,여자,미네랄 메이크업
28,여자,미네랄 메이크업
28,여자,미네랄 메이크업
34,남자,미네랄 메이크업
34,남자,미네랄 메이크업
34,남자,미네랄 메이크업
34,남자,미네랄 메이크업
34,남자,미네랄 메이크업
34,남자,미네랄 메이크업
31,여자,기타
31,여자,기타
31,여자,기타
31,여자,기타
31,여자,기타
31,여자,미네랄 메이크업
31,여자,미네랄 메이크업
31,여자,기타
31,여자,미네랄 메이크업
31,여자,미네랄 메이크업
31,여자,미네랄 메이크업
31,여자,미네랄 메이크업
32,여자,제주 화산송이
32,여자,제주 화산송이
32,여자,제주 화산송이
32,여자,제주 화산송이
32,여자,제주 화산송이
32,여자,제주 화산송이
32,여자,제주 화산송이
32,여자,제주 화산송이
32,여자,제주 화산송이
32,여자,제주 화산송이
23,여자,미네랄 메이크업
23,여자,미네랄 메이크업
23,여자,미네랄 메이크업
23,여자,미네랄 메이크업
23,여자,미네랄 메이크업
23,여자,미네랄 메이크업
27,여자,제주 화산송이
27,여자,트루케어
30,남자,미네랄 메이크업
30,남자,미네랄 메이크업
30,남자,미네랄 메이크업
30,남자,미네랄 메이크업
30,남자,미네랄 메이크업
30,남자,미네랄 메이크업
40,남자,미네랄 메이크업
40,남자,미네랄 메이크업
40,남자,미네랄 메이크업
40,남자,미네랄 메이크업
40,남자,미네랄 메이크업
40,남자,미네랄 메이크업
26,여자,미네랄 메이크업
26,여자,미네랄 메이크업
26,여자,미네랄 메이크업
26,여자,미네랄 메이크업
26,여자,미네랄 메이크업
26,여자,미네랄 메이크업
28,여자,미네랄 메이크업
28,여자,미네랄 메이크업
28,여자,미네랄 메이크업
28,여자,미네랄 메이크업
28,여자,미네랄 메이크업
28,여자,기타
28,여자,기타
28,여자,기타
28,여자,기타
28,여자,기타
28,여자,기타
28,여자,미네랄 메이크업
43,여자,제주 탄산 미네랄
26,여자,기타
26,여자,기타
25,여자,미네랄 메이크업
25,여자,미네랄 메이크업
25,여자,미네랄 메이크업
25,여자,미네랄 메이크업
25,여자,미네랄 메이크업
25,여자,미네랄 메이크업
22,여자,미네랄 메이크업
22,여자,미네랄 메이크업
22,여자,미네랄 메이크업
22,여자,미네랄 메이크업
22,여자,미네랄 메이크업
22,여자,미네랄 메이크업
25,여자,기타
25,여자,기타
31,여자,미네랄 메이크업
31,여자,미네랄 메이크업
31,여자,미네랄 메이크업
31,여자,미네랄 메이크업
31,여자,미네랄 메이크업
31,여자,미네랄 메이크업
27,여자,미네랄 메이크업
27,여자,미네랄 메이크업
27,여자,미네랄 메이크업
27,여자,미네랄 메이크업
27,여자,미네랄 메이크업
27,여자,미네랄 메이크업
23,여자,기타
23,여자,제주 그린티
23,여자,제주 그린티
23,여자,제주 그린티
23,여자,제주 그린티
23,여자,제주 비자
23,여자,제주 화산송이
23,여자,제주 화산송이
23,여자,제주 그린티
23,여자,제주 그린티
23,여자,애플 씨드
28,여자,슈퍼푸드
28,여자,제주 그린티
28,여자,기타
28,여자,기타
28,여자,기타
28,여자,기타
28,여자,기타
28,여자,기타
28,여자,기타
28,여자,기타
28,여자,트루케어
28,여자,기타
28,여자,제주 그린티
28,여자,제주 그린티
28,여자,제주 그린티
28,여자,제주 그린티
28,여자,제주 그린티
30,남자,기타
34,남자,기타
34,남자,기타
34,남자,기타
34,남자,기타
25,여자,미네랄 메이크업
25,여자,미네랄 메이크업
25,여자,미네랄 메이크업
25,여자,미네랄 메이크업
25,여자,미네랄 메이크업
25,여자,미네랄 메이크업
31,여자,기타
31,여자,기타
27,여자,기타
30,여자,기타
24,여자,와 인
24,여자,제주 한란
24,여자,기타
24,여자,기타
24,여자,제주 발효콩
24,여자,제주 용암해수
24,여자,제주 용암해수
24,여자,기타
27,여자,기타
27,여자,미네랄 메이크업
27,여자,미네랄 메이크업
27,여자,미네랄 메이크업
27,여자,미네랄 메이크업
27,여자,미네랄 메이크업
27,여자,기타
27,여자,기타
27,여자,기타
27,여자,기타
27,여자,미네랄 메이크업
27,여자,기타
27,여자,기타
33,여자,기타
33,여자,미네랄 메이크업
33,여자,미네랄 메이크업
33,여자,미네랄 메이크업
33,여자,미네랄 메이크업
33,여자,미네랄 메이크업
33,여자,미네랄 메이크업
27,여자,미네랄 메이크업
27,여자,미네랄 메이크업
27,여자,기타
27,여자,기타
27,여자,기타
27,여자,기타
27,여자,기타
27,여자,기타
27,여자,기타
27,여자,기타
27,여자,미네랄 메이크업
27,여자,미네랄 메이크업
27,여자,미네랄 메이크업
27,여자,미네랄 메이크업
27,여자,기타
27,여자,기타
27,여자,기타
27,여자,기타
27,여자,기타
27,여자,기타
27,여자,기타
27,여자,기타
29,여자,기타
29,여자,제주 화산송이
29,여자,포레스트
29,여자,제주 그린티
29,여자,기타
29,여자,기타
29,여자,기타
29,여자,기타
29,여자,기타
27,남자,기타
33,남자,기타
33,여자,기타
32,여자,미네랄 메이크업
32,여자,미네랄 메이크업
32,여자,미네랄 메이크업
32,여자,미네랄 메이크업
32,여자,기타
32,여자,미네랄 메이크업
32,여자,기타
32,여자,기타
32,여자,기타
32,여자,미네랄 메이크업
27,남자,미네랄 메이크업
27,남자,미네랄 메이크업
27,남자,미네랄 메이크업
27,남자,미네랄 메이크업
27,남자,미네랄 메이크업
27,남자,미네랄 메이크업
23,남자,미네랄 메이크업
23,남자,미네랄 메이크업
23,남자,미네랄 메이크업
23,남자,미네랄 메이크업
23,남자,미네랄 메이크업
23,남자,미네랄 메이크업
23,남자,기타
23,남자,기타
23,남자,기타
23,남자,기타
23,남자,기타
23,남자,기타
23,남자,기타
23,남자,기타
23,남자,기타
23,남자,기타
31,남자,기타
31,남자,기타
31,남자,기타
31,남자,기타
31,남자,기타
31,남자,기타
23,여자,미네랄 메이크업
23,여자,미네랄 메이크업
23,여자,미네랄 메이크업
23,여자,미네랄 메이크업
23,여자,미네랄 메이크업
23,여자,미네랄 메이크업
25,여자,제주 비자
25,여자,미네랄 메이크업
25,여자,미네랄 메이크업
25,여자,미네랄 메이크업
25,여자,미네랄 메이크업
25,여자,미네랄 메이크업
25,여자,제주 화산송이
25,여자,제주 화산송이
25,여자,제주 그린티
25,여자,제주 한란
25,여자,미네랄 메이크업
29,여자,올리브
37,여자,기타
37,여자,기타
37,여자,기타
37,여자,기타
37,여자,기타
37,여자,기타
37,여자,기타
29,여자,미네랄 메이크업
29,여자,미네랄 메이크업
29,여자,미네랄 메이크업
29,여자,미네랄 메이크업
29,여자,미네랄 메이크업
29,여자,미네랄 메이크업
31,여자,기타
31,여자,기타
31,여자,기타
31,여자,기타
26,여자,미네랄 메이크업
26,여자,미네랄 메이크업
26,여자,미네랄 메이크업
26,여자,미네랄 메이크업
26,여자,미네랄 메이크업
26,여자,미네랄 메이크업
27,여자,미네랄 메이크업
27,여자,미네랄 메이크업
27,여자,미네랄 메이크업
27,여자,미네랄 메이크업
27,여자,미네랄 메이크업
27,여자,미네랄 메이크업
30,여자,미네랄 메이크업
30,여자,미네랄 메이크업
30,여자,미네랄 메이크업
30,여자,미네랄 메이크업
30,여자,미네랄 메이크업
30,여자,미네랄 메이크업
33,여자,미네랄 메이크업
33,여자,미네랄 메이크업
33,여자,미네랄 메이크업
33,여자,미네랄 메이크업
33,여자,미네랄 메이크업
33,여자,미네랄 메이크업
25,여자,기타
25,여자,기타
25,여자,기타
26,여자,기타
26,여자,제주 카멜리아
26,여자,제주 그린티
26,여자,제주 그린티
26,여자,기타
32,여자,미네랄 메이크업
32,여자,미네랄 메이크업
32,여자,미네랄 메이크업
32,여자,미네랄 메이크업
32,여자,미네랄 메이크업
32,여자,미네랄 메이크업
33,남자,미네랄 메이크업
33,남자,미네랄 메이크업
33,남자,미네랄 메이크업
33,남자,미네랄 메이크업
33,남자,미네랄 메이크업
33,남자,미네랄 메이크업
36,여자,미네랄 메이크업
36,여자,미네랄 메이크업
36,여자,미네랄 메이크업
36,여자,미네랄 메이크업
36,여자,미네랄 메이크업
36,여자,미네랄 메이크업
27,여자,미네랄 메이크업
27,여자,미네랄 메이크업
27,여자,미네랄 메이크업
27,여자,미네랄 메이크업
27,여자,미네랄 메이크업
27,여자,미네랄 메이크업
29,여자,미네랄 메이크업
29,여자,미네랄 메이크업
29,여자,미네랄 메이크업
29,여자,미네랄 메이크업
29,여자,미네랄 메이크업
29,여자,미네랄 메이크업
29,여자,기타
29,여자,제주 용암해수
29,여자,제주 그린티
29,여자,제주 그린티
29,여자,기타
29,여자,기타
29,여자,제주 용암해수
33,여자,기타
29,남자,기타
29,남자,슈퍼푸드
29,남자,슈퍼푸드
33,여자,기타
37,남자,기타
23,남자,포레스트
23,남자,포레스트
27,여자,트루케어
21,여자,트루케어
21,여자,기타
21,여자,기타
21,여자,기타
21,여자,기타
21,여자,기타
21,여자,기타
20,여자,미네랄 메이크업
20,여자,미네랄 메이크업
20,여자,미네랄 메이크업
20,여자,미네랄 메이크업
20,여자,미네랄 메이크업
20,여자,미네랄 메이크업
25,여자,포레스트
18,여자,미네랄 메이크업
18,여자,미네랄 메이크업
18,여자,기타
18,여자,미네랄 메이크업
18,여자,미네랄 메이크업
18,여자,미네랄 메이크업
18,여자,미네랄 메이크업
34,여자,트루케어
27,여자,제주 용암해수
27,여자,제주 용암해수
27,여자,제주 용암해수
35,여자,트루케어
35,여자,기타
35,여자,애플 씨드
35,여자,제주 비자
30,여자,기타
30,여자,기타
26,여자,기타
26,여자,기타
26,여자,기타
29,여자,기타
29,여자,기타
29,여자,기타
29,여자,기타
29,여자,기타
29,여자,기타
31,여자,제주 용암해수
31,여자,기타
31,여자,기타
31,여자,기타
31,여자,기타
31,여자,제주 용암해수
31,여자,제주 용암해수
31,여자,제주 용암해수
31,여자,제주 용암해수
31,여자,제주 용암해수
31,여자,제주 용암해수
31,여자,에코사이언스
31,여자,화이트닝 포어
31,여자,미네랄 메이크업
31,여자,미네랄 메이크업
31,여자,미네랄 메이크업
31,여자,미네랄 메이크업
31,여자,미네랄 메이크업
31,여자,미네랄 메이크업
34,여자,기타
34,여자,마이 헤어 레시피
34,여자,기타
34,여자,기타
34,여자,기타
34,여자,기타
34,여자,포레스트
34,여자,마이 헤어 레시피
34,여자,기타
34,여자,기타
54,남자,기타
54,남자,기타
54,남자,기타
54,남자,기타
54,남자,기타
54,남자,기타
39,여자,기타
39,여자,트루케어
23,여자,애플 씨드
23,여자,기타
23,여자,기타
23,여자,기타
23,여자,기타
23,여자,기타
23,여자,기타
23,여자,기타
23,여자,기타
23,여자,기타
23,여자,기타
23,여자,기타
23,여자,기타
23,여자,기타
23,여자,기타
23,여자,기타
41,여자,기타
41,여자,기타
41,여자,기타
47,여자,제주 발효콩
47,여자,제주 발효콩
47,여자,올리브
47,여자,제주 비자
47,여자,기타
26,여자,기타
26,여자,기타
26,여자,올리브
26,여자,올리브
30,여자,기타
22,여자,제주 그린티
22,여자,화이트닝 포어
22,여자,기타
22,여자,기타
22,여자,기타
22,여자,기타
22,여자,기타
22,여자,기타
22,여자,기타
22,여자,기타
29,여자,제주 그린티
30,여자,기타
21,여자,미네랄 메이크업
21,여자,미네랄 메이크업
21,여자,미네랄 메이크업
21,여자,미네랄 메이크업
21,여자,미네랄 메이크업
21,여자,미네랄 메이크업
27,여자,슈퍼푸드
27,여자,트루케어
28,여자,기타
44,여자,기타
44,여자,기타
42,여자,기타
42,여자,기타
42,여자,기타
42,여자,기타
42,여자,기타
42,여자,기타
26,여자,기타
26,여자,제주 발효콩
26,여자,제주 비자
26,여자,트루케어
26,여자,기타
26,여자,기타
26,여자,기타
26,여자,기타
26,여자,기타
18,여자,트루케어
25,여자,기타
25,여자,기타
25,여자,기타
25,여자,기타
25,여자,기타
25,여자,기타
25,여자,올리브
37,여자,기타
37,여자,제로헤어
34,여자,제주 그린티
25,남자,제주 화산송이
25,남자,제주 비자
25,남자,제주 비자
53,여자,기타
53,여자,기타
53,여자,기타
53,여자,제주 그린티
30,여자,기타
30,여자,애플 씨드
38,여자,제주 그린티
38,여자,슈퍼푸드
26,남자,포레스트
31,여자,기타
31,여자,제주 화산송이
31,여자,기타
31,여자,기타
31,여자,기타
35,여자,기타
35,여자,올리브
39,남자,제주 그린티
38,여자,미네랄 메이크업
38,여자,미네랄 메이크업
38,여자,미네랄 메이크업
38,여자,미네랄 메이크업
38,여자,미네랄 메이크업
38,여자,미네랄 메이크업
38,여자,기타
38,여자,기타
42,여자,트루케어
32,여자,기타
32,여자,기타
45,여자,제주 한란
45,여자,제주 한란
45,여자,기타
45,여자,올리브
21,여자,트루케어
21,여자,기타
21,여자,기타
21,여자,기타
21,여자,기타
21,여자,기타
21,여자,기타
24,여자,제주 용암해수
24,여자,제주 용암해수
27,여자,제주 그린티
27,여자,제주 그린티
27,여자,올리브
27,여자,애플 씨드
27,여자,애플 씨드
36,여자,제주 발효콩
36,여자,트루케어
36,여자,트루케어
36,여자,트루케어
36,여자,슈퍼푸드
36,여자,화이트닝 포어
36,여자,트루케어
36,여자,제주 한란
28,여자,기타
28,여자,기타
34,여자,기타
34,여자,기타
34,여자,기타
34,여자,기타
45,여자,미네랄 메이크업
45,여자,미네랄 메이크업
45,여자,미네랄 메이크업
45,여자,미네랄 메이크업
45,여자,미네랄 메이크업
45,여자,미네랄 메이크업
46,여자,기타
46,여자,기타
46,여자,기타
46,여자,기타
16,여자,기타
16,여자,기타
16,여자,기타
33,여자,애플 씨드
33,여자,슈퍼푸드
43,여자,제주 그린티
35,여자,기타
35,여자,기타
35,여자,기타
26,여자,기타
26,여자,기타
26,여자,기타
26,여자,제주 용암해수
26,여자,제주 그린티
26,여자,애플 씨드
29,여자,애플 씨드
29,여자,기타
29,여자,애플 씨드
29,여자,애플 씨드
29,여자,기타
29,여자,기타
29,여자,기타
27,여자,슈퍼푸드
27,여자,슈퍼푸드
35,여자,기타
35,여자,기타
35,여자,미네랄 메이크업
35,여자,미네랄 메이크업
35,여자,미네랄 메이크업
35,여자,미네랄 메이크업
35,여자,미네랄 메이크업
35,여자,미네랄 메이크업
33,여자,미네랄 메이크업
33,여자,미네랄 메이크업
33,여자,미네랄 메이크업
33,여자,미네랄 메이크업
33,여자,미네랄 메이크업
33,여자,미네랄 메이크업
29,여자,기타
21,여자,기타
21,여자,기타
21,여자,기타
21,여자,기타
21,여자,기타
21,여자,기타
27,남자,제주 그린티
26,남자,제주 그린티
26,남자,기타
26,남자,기타
26,남자,기타
26,남자,기타
26,남자,기타
26,남자,기타
20,여자,기타
20,여자,기타
20,여자,기타
20,여자,기타
20,여자,기타
20,여자,기타
24,여자,미네랄 메이크업
24,여자,미네랄 메이크업
24,여자,슈퍼푸드
24,여자,미네랄 메이크업
24,여자,미네랄 메이크업
24,여자,미네랄 메이크업
24,여자,미네랄 메이크업
33,여자,올리브
33,여자,올리브
33,여자,기타
25,여자,기타
25,여자,기타
25,여자,기타
25,여자,기타
25,여자,기타
25,여자,기타
25,여자,기타
25,여자,기타
25,여자,기타
25,여자,기타
25,여자,기타
25,여자,기타
25,여자,기타
25,여자,기타
25,여자,기타
25,여자,기타
25,여자,기타
27,여자,슈퍼푸드
27,여자,제주 그린티
27,여자,제주 카멜리아
32,남자,포레스트
32,남자,포레스트
28,여자,기타
28,여자,기타
28,여자,기타
28,여자,기타
33,여자,기타
27,여자,트루케어
30,여자,기타
27,여자,기타
27,여자,기타
27,여자,기타
27,여자,기타
24,여자,제주 비자
24,여자,제주 비자
24,여자,제주 비자
51,여자,기타
51,여자,기타
51,여자,기타
51,여자,기타
32,여자,제주 비자
32,여자,트루케어
27,여자,제주 화산송이
34,여자,슈퍼푸드
34,여자,제주 청보리
34,여자,슈퍼푸드
34,여자,기타
34,여자,기타
907,남자,트루케어
32,남자,마이 헤어 레시피
32,남자,기타
32,남자,화이트닝 포어
32,남자,화이트닝 포어
18,여자,기타
18,여자,기타
18,여자,기타
18,여자,기타
18,여자,슈퍼푸드
44,여자,기타
44,여자,기타
44,여자,기타
44,여자,제주 화산송이
23,남자,제주 그린티
25,여자,기타
33,남자,슈퍼푸드
33,남자,기타
44,여자,기타
44,여자,애플 씨드
44,여자,제주 화산송이
44,여자,제주 청보리
44,여자,기타
23,여자,기타
23,여자,기타
20,여자,트루케어
23,여자,기타
23,여자,기타
20,여자,제주 그린티
23,여자,기타
23,여자,기타
27,여자,슈퍼푸드
26,여자,기타
26,여자,제주 그린티
26,여자,제주 발효콩
26,여자,제주 화산송이
26,여자,기타
26,여자,제주 화산송이
26,여자,제주 화산송이
37,여자,제주 그린티
18,남자,돈워리
18,남자,트루케어
29,여자,기타
22,여자,기타
22,여자,기타
22,여자,기타
21,여자,올리브
40,여자,기타
34,여자,기타
33,여자,더 미니멈
34,여자,기타
34,여자,기타
34,여자,기타
33,여자,더 미니멈
33,여자,더 미니멈
34,여자,기타
33,여자,더 미니멈
33,여자,더 미니멈
33,여자,더 미니멈
38,여자,기타
38,여자,기타
38,여자,기타
38,여자,더 미니멈
38,여자,미네랄 메이크업
33,여자,기타
33,여자,기타
33,여자,제주 비자
36,남자,미네랄 메이크업
36,남자,미네랄 메이크업
36,남자,미네랄 메이크업
36,남자,미네랄 메이크업
36,남자,미네랄 메이크업
36,남자,기타
36,남자,미네랄 메이크업
36,남자,기타
36,남자,기타
36,남자,기타
36,남자,기타
36,남자,기타
36,남자,트루케어
37,여자,기타
37,여자,기타
32,여자,올리브
39,여자,슈퍼푸드
39,여자,슈퍼푸드
39,여자,슈퍼푸드
18,여자,기타
18,여자,기타
18,여자,기타
38,여자,트루케어
25,남자,슈퍼푸드
48,여자,기타
48,여자,미네랄 메이크업
19,여자,미네랄 메이크업
19,여자,미네랄 메이크업
19,여자,미네랄 메이크업
19,여자,미네랄 메이크업
19,여자,미네랄 메이크업
19,여자,기타
19,여자,기타
19,여자,미네랄 메이크업
37,여자,포레스트
30,여자,기타
30,여자,기타
30,여자,기타
30,여자,기타
30,여자,기타
30,여자,기타
30,여자,기타
19,여자,기타
19,여자,기타
23,여자,기타
23,여자,기타
23,여자,기타
23,여자,기타
23,여자,기타
23,여자,기타
34,여자,슈퍼푸드
34,여자,기타
50,여자,기타
23,여자,기타
23,여자,기타
23,여자,기타
23,여자,제주 화산송이
50,여자,기타
23,여자,꽃송이버섯
23,여자,제주 한란
23,여자,제주 청보리
29,여자,제주 그린티
28,여자,기타
28,여자,기타
28,여자,기타
18,여자,기타
28,여자,기타
28,여자,기타
28,여자,기타
23,여자,트루케어
33,여자,제주 그린티
30,여자,기타
25,여자,기타
25,여자,기타
25,여자,기타
26,여자,더 미니멈
26,여자,더 미니멈
26,여자,더 미니멈
26,여자,더 미니멈
26,여자,더 미니멈
26,여자,더 미니멈
26,여자,기타
26,여자,기타
26,여자,기타
24,여자,미네랄 메이크업
24,여자,미네랄 메이크업
24,여자,미네랄 메이크업
24,여자,미네랄 메이크업
24,여자,미네랄 메이크업
28,여자,제주 한란
24,여자,기타
24,여자,미네랄 메이크업
1717,남자,기타
1717,남자,기타
1717,남자,기타
1717,남자,제주 그린티
1717,남자,기타
1717,남자,기타
1717,남자,기타
23,여자,미네랄 메이크업
23,여자,미네랄 메이크업
23,여자,미네랄 메이크업
23,여자,미네랄 메이크업
23,여자,미네랄 메이크업
23,여자,기타
23,여자,미네랄 메이크업
34,여자,기타
34,여자,기타
27,여자,기타
27,여자,슈퍼푸드
34,여자,제주 청보리
27,여자,기타
34,여자,슈퍼푸드
34,여자,슈퍼푸드
34,여자,제주 그린티
24,여자,기타
24,여자,기타
24,여자,기타
24,여자,기타
24,여자,기타
24,여자,기타
24,여자,기타
39,남자,올리브
26,여자,제주 비자
26,여자,제주 비자
47,여자,제주 비자
47,여자,기타
47,여자,기타
47,여자,기타
47,여자,기타
30,여자,기타
29,여자,제주 알로에
29,여자,제주 알로에
37,여자,미네랄 메이크업
37,여자,슈퍼푸드
37,여자,미네랄 메이크업
37,여자,미네랄 메이크업
37,여자,기타
37,여자,미네랄 메이크업
37,여자,미네랄 메이크업
37,여자,미네랄 메이크업
32,여자,마이 헤어 레시피
32,여자,올리브
32,여자,기타
32,여자,기타
32,여자,기타
32,여자,제주 화산송이
32,여자,제주 화산송이
32,여자,제주 화산송이
32,여자,제주 화산송이
32,여자,제주 용암해수
32,여자,제주 용암해수
28,여자,기타
28,여자,기타
28,여자,기타
28,여자,기타
28,여자,트루케어
28,여자,애플 씨드
40,여자,기타
40,여자,미네랄 메이크업
40,여자,미네랄 메이크업
55,여자,기타
55,여자,기타
29,여자,제주 그린티
32,여자,슈퍼푸드
32,여자,슈퍼푸드
48,여자,기타
48,여자,제주 용암해수
48,여자,제주 용암해수
48,여자,제주 용암해수
48,여자,기타
48,여자,기타
48,여자,기타
48,여자,기타
48,여자,기타
48,여자,기타
32,여자,기타
37,여자,애플 씨드
32,여자,애플 씨드
32,여자,기타
32,여자,포레스트
29,여자,트루케어
27,여자,트루케어
35,여자,올리브
35,여자,트루케어
1196,여자,기타
1196,여자,기타
1196,여자,슈퍼푸드
45,여자,기타
45,여자,슈퍼푸드
37,여자,트루케어
38,여자,트루케어
38,여자,트루케어
32,여자,기타
35,여자,올리브
32,여자,미네랄 메이크업
32,여자,미네랄 메이크업
35,여자,제주 그린티
32,여자,미네랄 메이크업
32,여자,미네랄 메이크업
32,여자,미네랄 메이크업
35,여자,제주 청보리
35,여자,제주 그린티
32,여자,미네랄 메이크업
26,여자,제주 한란
28,여자,트루케어
29,여자,기타
29,여자,기타
48,여자,기타
48,여자,기타
48,여자,기타
48,여자,기타
48,여자,기타
48,여자,기타
36,여자,기타
36,여자,기타
36,여자,기타
36,여자,기타
36,여자,기타
36,여자,기타
36,여자,기타
36,여자,기타
38,여자,기타
38,여자,기타
25,여자,슈퍼푸드
25,여자,슈퍼푸드
36,여자,기타
36,여자,기타
36,여자,기타
36,여자,기타
36,여자,기타
28,여자,기타
28,여자,기타
27,남자,제주 그린티
20,여자,기타
27,여자,미네랄 메이크업
27,여자,미네랄 메이크업
27,여자,미네랄 메이크업
38,여자,슈퍼푸드
27,여자,기타
38,여자,올리브
27,여자,미네랄 메이크업
27,여자,기타
27,여자,미네랄 메이크업
38,여자,기타
27,여자,미네랄 메이크업
38,여자,슈퍼푸드
34,여자,기타
34,여자,기타
34,여자,기타
33,여자,더 미니멈
25,여자,제주 비자
37,여자,기타
37,여자,기타
37,여자,기타
37,여자,기타
37,여자,기타
37,여자,기타
37,여자,슈퍼푸드
41,여자,더 미니멈
41,여자,더 미니멈
41,여자,더 미니멈
41,여자,더 미니멈
41,여자,더 미니멈
41,여자,더 미니멈
33,여자,더 미니멈
33,여자,더 미니멈
33,여자,더 미니멈
33,여자,더 미니멈
33,여자,더 미니멈
21,여자,기타
40,여자,미네랄 메이크업
40,여자,미네랄 메이크업
40,여자,미네랄 메이크업
40,여자,미네랄 메이크업
40,여자,미네랄 메이크업
21,여자,기타
40,여자,미네랄 메이크업
21,여자,기타
21,여자,기타
21,여자,기타
21,여자,기타
21,여자,기타
21,여자,기타
21,여자,기타
21,여자,기타
21,여자,기타
21,여자,기타
22,여자,미네랄 메이크업
16,여자,제주 비자
26,여자,기타
22,여자,기타
22,여자,미네랄 메이크업
22,여자,미네랄 메이크업
22,여자,미네랄 메이크업
30,여자,제주 화산송이
16,여자,트루케어
29,여자,애플 씨드
22,여자,미네랄 메이크업
30,여자,제주 용암해수
37,여자,슈퍼푸드
22,여자,미네랄 메이크업
29,여자,기타
29,여자,올리브
16,여자,제주 비자
16,여자,제주 비자
26,여자,기타
27,남자,제주 화산송이
27,남자,제주 화산송이
27,남자,제주 화산송이
1105,여자,슈퍼푸드
1105,여자,슈퍼푸드
1105,여자,슈퍼푸드
24,여자,기타
24,여자,기타
24,여자,기타
26,여자,기타
24,여자,기타
24,여자,기타
24,여자,기타
36,남자,미네랄 메이크업
36,남자,미네랄 메이크업
36,남자,미네랄 메이크업
36,남자,미네랄 메이크업
36,남자,미네랄 메이크업
36,남자,미네랄 메이크업
36,여자,기타
25,여자,트루케어
36,여자,에코사이언스
36,여자,기타
36,여자,기타
36,여자,제주 그린티
25,여자,기타
36,여자,기타
32,여자,기타
32,여자,트루케어
32,여자,트루케어
24,여자,제주 비자
29,여자,에코사이언스
24,여자,슈퍼푸드
29,여자,제주 그린티
24,여자,기타
24,여자,기타
29,여자,기타
29,여자,기타
37,여자,기타
27,여자,기타
27,여자,기타
37,여자,제주 화산송이
37,여자,에코사이언스
36,여자,제주 발효콩
1803,남자,포레스트
33,여자,기타
33,여자,기타
33,여자,기타
33,여자,기타
33,여자,기타
33,여자,기타
33,여자,기타
27,여자,트루케어
20,남자,기타
20,남자,기타
41,남자,트루케어
22,여자,기타
22,여자,기타
22,여자,기타
22,여자,기타
22,여자,기타
22,여자,기타
22,여자,기타
24,여자,기타
27,여자,기타
27,여자,제주 유채꿀
27,여자,기타
29,여자,기타
23,여자,기타
23,여자,기타
23,여자,기타
23,여자,기타
16,여자,트루케어
31,여자,기타
31,여자,기타
31,여자,기타
31,여자,기타
31,여자,기타
31,여자,기타
31,여자,기타
31,여자,기타
31,여자,기타
31,여자,기타
31,여자,기타
31,여자,기타
41,여자,포레스트
41,여자,제주 그린티
41,여자,돈워리
41,여자,제주 카멜리아
36,여자,기타
36,여자,기타
36,여자,기타
36,여자,기타
26,여자,슈퍼푸드
26,여자,트루케어
26,여자,제주 그린티
27,여자,제주 화산송이
23,여자,올리브
21,여자,트루케어
44,여자,슈퍼푸드
44,여자,트루케어
44,여자,기타
44,여자,트루케어
24,여자,미네랄 메이크업
24,여자,미네랄 메이크업
24,여자,미네랄 메이크업
24,여자,기타
24,여자,미네랄 메이크업
24,여자,미네랄 메이크업
24,여자,기타
24,여자,기타
24,여자,미네랄 메이크업
27,여자,더 미니멈
29,남자,제주 청보리
26,남자,기타
26,남자,기타
36,남자,기타
36,남자,제주 그린티
36,남자,제주 그린티
36,남자,기타
36,남자,기타
34,남자,미네랄 메이크업
34,남자,미네랄 메이크업
34,남자,미네랄 메이크업
34,남자,미네랄 메이크업
34,남자,미네랄 메이크업
34,남자,미네랄 메이크업
44,남자,트루케어
22,여자,제주 알로에
22,여자,제주 화산송이
34,여자,기타
34,여자,더 미니멈
23,여자,제주 한란
35,남자,트루케어
23,여자,제주 한란
35,남자,기타
35,남자,기타
35,남자,기타
29,여자,기타
35,남자,미네랄 메이크업
29,여자,기타
39,여자,제주 용암해수
39,여자,제주 용암해수
39,여자,슈퍼푸드
39,여자,제주 용암해수
28,여자,기타
25,여자,기타
26,여자,제주 비자
29,여자,제주 비자
31,여자,트루케어
24,여자,기타
24,여자,기타
24,여자,제주 한란
27,여자,미네랄 메이크업
27,여자,미네랄 메이크업
27,여자,미네랄 메이크업
27,여자,미네랄 메이크업
27,여자,미네랄 메이크업
27,여자,미네랄 메이크업
24,여자,기타
24,여자,기타
27,여자,슈퍼푸드
24,여자,애플 씨드
27,여자,애플 씨드
34,여자,기타
34,여자,기타
27,여자,애플 씨드
34,여자,기타
27,여자,기타
23,여자,기타
23,여자,기타
37,여자,트루케어
25,여자,기타
21,여자,미네랄 메이크업
21,여자,미네랄 메이크업
21,여자,미네랄 메이크업
21,여자,미네랄 메이크업
21,여자,미네랄 메이크업
21,여자,미네랄 메이크업
21,여자,기타
21,여자,기타
20,여자,트루케어
33,여자,제주 한란
33,여자,포레스트
25,남자,제주 그린티
33,여자,제주 비자
33,여자,슈퍼푸드
33,여자,슈퍼푸드
31,여자,제주 그린티
31,여자,기타
31,여자,포레스트
24,여자,트루케어
24,여자,기타
19,여자,트루케어
24,여자,제주 알로에
24,여자,기타
24,여자,기타
24,여자,기타
24,여자,기타
24,여자,기타
41,여자,제주 청보리
41,여자,기타
41,여자,기타
33,여자,기타
37,여자,기타
33,여자,기타
29,여자,포레스트
29,여자,미네랄 메이크업
29,여자,미네랄 메이크업
29,여자,미네랄 메이크업
29,여자,미네랄 메이크업
29,여자,미네랄 메이크업
29,여자,미네랄 메이크업
37,여자,더 미니멈
37,여자,더 미니멈
37,여자,기타
37,여자,더 미니멈
37,여자,더 미니멈
37,여자,더 미니멈
37,여자,더 미니멈
37,여자,트루케어
37,여자,화이트닝 포어
37,여자,올리브
27,여자,기타
59,여자,슈퍼푸드
59,여자,슈퍼푸드
59,여자,슈퍼푸드
27,여자,기타
27,여자,미네랄 메이크업
27,여자,미네랄 메이크업
27,여자,미네랄 메이크업
27,여자,기타
27,여자,미네랄 메이크업
27,여자,미네랄 메이크업
27,여자,미네랄 메이크업
43,남자,트루케어
24,여자,제주 비자
24,여자,기타
24,여자,기타
27,남자,기타
27,남자,기타
27,남자,기타
27,남자,기타
27,남자,기타
23,여자,기타
23,여자,기타
23,여자,기타
23,여자,기타
23,여자,기타
27,여자,미네랄 메이크업
27,여자,미네랄 메이크업
27,여자,미네랄 메이크업
27,여자,기타
27,여자,미네랄 메이크업
27,여자,미네랄 메이크업
27,여자,미네랄 메이크업
32,여자,포레스트
28,여자,기타
28,여자,기타
32,여자,제주 화산송이
32,여자,포레스트
32,여자,제주 용암해수
32,여자,제주 그린티
32,여자,제주 그린티
32,여자,기타
32,여자,기타
32,여자,기타
32,여자,기타
32,여자,기타
32,여자,기타
32,여자,기타
32,여자,기타
32,여자,기타
32,여자,애플 씨드
32,여자,트루케어
25,여자,기타
25,여자,기타
25,여자,마이 헤어 레시피
25,여자,기타
25,여자,기타
25,여자,기타
25,여자,기타
25,여자,기타
25,여자,기타
42,여자,제주 그린티
42,여자,제주 비자
41,여자,올리브
41,여자,기타
32,여자,제주 그린티
33,여자,미네랄 메이크업
33,여자,미네랄 메이크업
33,여자,기타
33,여자,기타
33,여자,미네랄 메이크업
33,여자,미네랄 메이크업
33,여자,미네랄 메이크업
33,여자,미네랄 메이크업
23,여자,더 미니멈
23,여자,더 미니멈
23,여자,더 미니멈
23,여자,더 미니멈
23,여자,더 미니멈
23,여자,더 미니멈
23,여자,미네랄 메이크업
23,여자,미네랄 메이크업
23,여자,미네랄 메이크업
23,여자,미네랄 메이크업
23,여자,미네랄 메이크업
23,여자,미네랄 메이크업
44,여자,기타
44,여자,기타
44,여자,올리브
44,여자,퍼펙트 9리페어
66,여자,미네랄 메이크업
66,여자,미네랄 메이크업
66,여자,미네랄 메이크업
66,여자,미네랄 메이크업
66,여자,미네랄 메이크업
66,여자,미네랄 메이크업
34,여자,제주 그린티
34,여자,제주 한란
34,여자,기타
26,여자,더 미니멈
26,여자,더 미니멈
26,여자,더 미니멈
26,여자,더 미니멈
26,여자,더 미니멈
26,여자,더 미니멈
38,여자,기타
38,여자,올리브
38,여자,트루케어
38,여자,트루케어
38,여자,트루케어
21,여자,화이트닝 포어
31,여자,슈퍼푸드
31,여자,제주 그린티
21,여자,기타
21,여자,기타
44,남자,제주 한란
29,남자,제주 용암해수
29,남자,제주 용암해수
29,남자,제주 용암해수
29,남자,제주 화산송이
29,남자,기타
29,남자,기타
29,남자,기타
29,남자,기타
29,남자,기타
29,남자,기타
29,남자,제주 용암해수
29,남자,기타
28,남자,슈퍼푸드
28,남자,기타
28,남자,슈퍼푸드
26,여자,기타
26,여자,기타
26,여자,기타
26,여자,기타
26,여자,기타
26,여자,기타
26,여자,기타
26,여자,기타
39,여자,애플 씨드
39,여자,기타
25,여자,제주 비자
26,여자,기타
25,여자,기타
18,여자,미네랄 메이크업
18,여자,미네랄 메이크업
18,여자,미네랄 메이크업
18,여자,미네랄 메이크업
18,여자,미네랄 메이크업
18,여자,미네랄 메이크업
38,여자,기타
38,여자,포레스트
37,여자,슈퍼푸드
38,여자,트루케어
20,여자,기타
20,여자,에코사이언스
33,여자,기타
44,여자,트루케어
33,여자,제주 화산송이
32,여자,올리브
32,여자,에코사이언스
30,여자,기타
30,여자,기타
37,남자,포레스트
37,남자,포레스트
36,여자,제주 비자
36,여자,올리브
36,여자,제주 카멜리아
36,여자,기타
36,여자,기타
36,여자,기타
36,여자,기타
36,여자,기타
36,여자,제주 화산송이
36,여자,제로헤어
36,여자,기타
36,여자,기타
36,여자,기타
36,여자,기타
36,여자,기타
36,여자,제주 알로에
36,여자,기타
36,여자,기타
36,여자,기타
36,여자,기타
38,여자,기타
38,여자,기타
38,여자,기타
27,남자,트루케어
27,남자,제주 비자
27,남자,제주 비자
44,여자,기타
44,여자,기타
44,여자,기타
29,여자,제주 비자
29,여자,기타
36,여자,올리브
36,여자,기타
46,여자,제주 비자
36,여자,기타
29,여자,슈퍼푸드
34,여자,더 미니멈
34,여자,더 미니멈
34,여자,슈퍼푸드
34,여자,기타
34,여자,기타
34,여자,제주 화산송이
34,여자,제주 화산송이
34,여자,기타
32,여자,미네랄 메이크업
32,여자,미네랄 메이크업
32,여자,미네랄 메이크업
32,여자,기타
32,여자,미네랄 메이크업
32,여자,미네랄 메이크업
32,여자,미네랄 메이크업
27,여자,제주 그린티
27,여자,제주 청보리
27,여자,제주 그린티
24,여자,기타
26,여자,슈퍼푸드
26,여자,트루케어
26,여자,애플 씨드
26,여자,기타
26,여자,기타
48,여자,기타
48,여자,기타
24,여자,기타
36,여자,제주 한란
36,여자,제주 한란
34,여자,기타
34,여자,기타
41,여자,슈퍼푸드
34,여자,기타
34,여자,기타
41,여자,트루케어
34,여자,기타
34,여자,기타
47,여자,기타
47,여자,트루케어
47,여자,제주 발효콩
36,여자,올리브
26,여자,미네랄 메이크업
26,여자,미네랄 메이크업
26,여자,미네랄 메이크업
26,여자,미네랄 메이크업
26,여자,미네랄 메이크업
26,여자,미네랄 메이크업
26,여자,기타
35,여자,올리브
39,여자,기타
39,여자,제주 용암해수
39,여자,제주 용암해수
39,여자,제주 용암해수
39,여자,제주 그린티
39,여자,제주 발효콩
39,여자,더 미니멈
39,여자,더 미니멈
39,여자,더 미니멈
39,여자,더 미니멈
39,여자,더 미니멈
34,여자,올리브
39,여자,올리브
39,여자,제주 비자
39,여자,더 미니멈
37,여자,올리브
40,여자,기타
40,여자,기타
40,여자,기타
40,여자,기타
37,여자,기타
37,여자,기타
37,여자,슈퍼푸드
37,여자,제주 발효콩
37,여자,포레스트
31,여자,미네랄 메이크업
31,여자,미네랄 메이크업
31,여자,미네랄 메이크업
31,여자,미네랄 메이크업
31,여자,미네랄 메이크업
31,여자,미네랄 메이크업
31,여자,트루케어
29,여자,올리브
29,여자,기타
29,여자,제주 그린티
29,여자,제주 그린티
29,여자,기타
29,여자,기타
29,여자,기타
29,여자,기타
29,여자,기타
29,여자,제주 그린티
29,여자,기타
29,여자,기타
29,여자,기타
29,여자,기타
22,여자,기타
22,여자,기타
22,여자,기타
22,여자,기타
22,여자,기타
22,여자,기타
31,여자,기타
31,여자,미네랄 메이크업
31,여자,미네랄 메이크업
31,여자,미네랄 메이크업
31,여자,미네랄 메이크업
31,여자,미네랄 메이크업
31,여자,기타
31,여자,슈퍼푸드
31,여자,미네랄 메이크업
62,여자,미네랄 메이크업
62,여자,미네랄 메이크업
62,여자,미네랄 메이크업
62,여자,미네랄 메이크업
62,여자,미네랄 메이크업
62,여자,미네랄 메이크업
23,여자,제주 용암해수
23,여자,제주 용암해수
23,여자,제주 용암해수
23,여자,올리브
896,남자,슈퍼푸드
896,남자,기타
29,여자,슈퍼푸드
29,여자,슈퍼푸드
29,여자,제주 비자
22,여자,기타
22,여자,기타
22,여자,기타
22,여자,기타
22,여자,기타
22,여자,기타
22,여자,기타
34,여자,기타
34,여자,제주 청보리
34,여자,제주 그린티
34,여자,애플 씨드
34,여자,에코사이언스
34,여자,기타
29,여자,기타
29,여자,기타
29,여자,기타
29,여자,기타
29,여자,기타
29,여자,기타
29,여자,트루케어
29,여자,기타
60,여자,기타
60,여자,기타
60,여자,기타
60,여자,기타
60,여자,기타
60,여자,기타
60,여자,기타
60,여자,기타
60,여자,기타
60,여자,기타
60,여자,기타
60,여자,기타
60,여자,기타
60,여자,기타
60,여자,기타
60,여자,기타
60,여자,기타
60,여자,기타
60,여자,기타
60,여자,기타
60,여자,기타
60,여자,기타
60,여자,기타
60,여자,기타
60,여자,기타
24,남자,트루케어
24,남자,포레스트
29,여자,제주 그린티
29,여자,기타
24,남자,올리브
29,여자,기타
29,여자,기타
27,여자,기타
27,여자,기타
27,여자,기타
27,여자,기타
22,여자,기타
27,여자,기타
29,여자,트루케어
22,여자,올리브
22,여자,제주 비자
22,여자,기타
25,여자,트루케어
23,여자,제주 그린티
23,여자,제주 발효콩
23,여자,제주 화산송이
23,여자,제주 발효콩
23,여자,제주 발효콩
36,여자,제주 그린티
36,여자,제주 그린티
36,여자,기타
36,여자,기타
36,여자,기타
36,여자,기타
36,여자,기타
36,여자,기타
36,여자,기타
34,여자,올리브
26,여자,미네랄 메이크업
26,여자,미네랄 메이크업
26,여자,미네랄 메이크업
26,여자,미네랄 메이크업
26,여자,미네랄 메이크업
26,여자,미네랄 메이크업
34,여자,기타
22,여자,슈퍼푸드
25,여자,슈퍼푸드
24,여자,애플 씨드
27,여자,기타
24,여자,기타
43,여자,기타
25,여자,기타
22,여자,기타
48,여자,제주 용암해수
48,여자,제주 용암해수
33,여자,기타
33,여자,기타
48,여자,제주 용암해수
48,여자,애플 씨드
48,여자,기타
34,여자,기타
33,여자,기타
33,여자,기타
33,여자,기타
33,여자,기타
32,여자,슈퍼푸드
32,여자,슈퍼푸드
34,여자,제주 용암해수
34,여자,제주 용암해수
34,여자,제주 용암해수
39,여자,기타
39,여자,기타
39,여자,기타
39,여자,제주 청보리
39,여자,제주 카멜리아
34,여자,포레스트
23,여자,기타
23,여자,기타
30,여자,트루케어
20,여자,기타
28,여자,트루케어
28,여자,슈퍼푸드
21,여자,트루케어
37,여자,제주 용암해수
28,여자,제주 그린티
31,여자,슈퍼푸드
34,여자,마이 헤어 레시피
31,여자,미네랄 메이크업
25,여자,기타
25,여자,기타
25,여자,기타
25,여자,기타
25,여자,기타
25,여자,기타
28,여자,기타
28,여자,기타
28,여자,기타
28,여자,기타
28,여자,기타
28,여자,기타
28,여자,기타
34,여자,트루케어
28,여자,애플 씨드
37,여자,퍼펙트 9리페어
31,여자,트루케어
31,여자,포레스트
28,여자,포레스트
37,여자,올리브
37,여자,제주 비자
34,여자,제주 발효콩
31,여자,제주 카멜리아
31,여자,제주 카멜리아
31,여자,제주 카멜리아
28,여자,제주 그린티
31,여자,제주 그린티
31,여자,제주 그린티
30,여자,기타
34,남자,슈퍼푸드
34,남자,슈퍼푸드
28,여자,올리브
28,여자,마이 헤어 레시피
31,여자,기타
31,여자,기타
31,여자,기타
31,여자,기타
31,여자,기타
31,여자,기타
31,여자,기타
31,여자,기타
31,여자,기타
31,여자,기타
31,여자,기타
31,여자,기타
31,여자,기타
31,여자,기타
31,여자,기타
44,여자,기타
44,여자,제주 그린티
31,여자,기타
34,남자,제주 용암해수
34,남자,제주 화산송이
36,여자,애플 씨드
25,여자,제주 화산송이
25,여자,기타
25,여자,기타
25,여자,트루케어
27,여자,올리브
27,여자,트루케어
27,여자,기타
27,여자,기타
27,여자,기타
27,여자,기타
30,여자,기타
25,여자,미네랄 메이크업
25,여자,미네랄 메이크업
25,여자,미네랄 메이크업
25,여자,미네랄 메이크업
25,여자,돈워리
25,여자,트루케어
25,여자,기타
25,여자,기타
25,여자,기타
25,여자,기타
25,여자,기타
25,여자,기타
25,여자,기타
25,여자,기타
25,여자,기타
25,여자,기타
25,여자,미네랄 메이크업
25,여자,미네랄 메이크업
52,여자,슈퍼푸드
52,여자,트루케어
52,여자,더 미니멈
39,여자,트루케어
39,여자,기타
41,여자,기타
41,여자,제주 화산송이
41,여자,제주 용암해수
41,여자,제주 용암해수
41,여자,제주 용암해수
53,남자,올리브
53,남자,올리브
34,여자,기타
50,남자,올리브
36,여자,제주 화산송이
23,남자,제주 화산송이
23,여자,제주 화산송이
23,여자,제주 그린티
23,여자,슈퍼푸드
22,여자,트루케어
34,남자,화이트닝 포어
34,남자,제주 화산송이
24,남자,미네랄 메이크업
24,남자,미네랄 메이크업
24,남자,미네랄 메이크업
24,남자,미네랄 메이크업
24,남자,미네랄 메이크업
24,남자,미네랄 메이크업
34,남자,기타
34,남자,기타
34,남자,기타
34,남자,기타
34,남자,기타
34,남자,기타
34,남자,기타
34,남자,기타
34,남자,기타
34,남자,기타
29,여자,트루케어
29,여자,제주 그린티
26,여자,기타
26,여자,기타
26,여자,기타
26,여자,기타
26,여자,기타
26,여자,기타
26,여자,기타
26,여자,미네랄 메이크업
26,여자,미네랄 메이크업
26,여자,미네랄 메이크업
26,여자,미네랄 메이크업
26,여자,미네랄 메이크업
26,여자,미네랄 메이크업
26,여자,올리브
33,여자,슈퍼푸드
33,여자,기타
32,여자,슈퍼푸드
32,여자,슈퍼푸드
24,여자,기타
24,여자,제주 청보리
24,여자,기타
24,여자,기타
24,여자,기타
53,남자,포레스트
34,여자,기타
34,여자,슈퍼푸드
30,여자,기타
30,여자,기타
30,여자,기타
30,여자,기타
30,여자,기타
30,여자,기타
30,여자,기타
30,여자,기타
45,남자,기타
45,남자,에코사이언스
33,여자,제주 비자
29,여자,슈퍼푸드
47,여자,제주 화산송이
47,여자,기타
29,여자,기타
26,여자,기타
26,여자,제주 비자
41,여자,애플 씨드
34,여자,제주 그린티
41,여자,올리브
36,여자,제주 한란
25,여자,미네랄 메이크업
25,여자,미네랄 메이크업
25,여자,미네랄 메이크업
25,여자,미네랄 메이크업
25,여자,미네랄 메이크업
25,여자,미네랄 메이크업
25,여자,기타
23,여자,슈퍼푸드
23,여자,트루케어
23,여자,슈퍼푸드
34,여자,기타
34,여자,기타
39,여자,기타
36,여자,트루케어
39,여자,미네랄 메이크업
39,여자,미네랄 메이크업
39,여자,미네랄 메이크업
39,여자,미네랄 메이크업
39,여자,미네랄 메이크업
39,여자,미네랄 메이크업
34,여자,미네랄 메이크업
34,여자,미네랄 메이크업
34,여자,미네랄 메이크업
34,여자,미네랄 메이크업
34,여자,미네랄 메이크업
36,여자,슈퍼푸드
36,여자,슈퍼푸드
36,여자,슈퍼푸드
34,여자,미네랄 메이크업
25,남자,제주 비자
25,남자,제주 비자
25,남자,제주 그린티
25,남자,제주 그린티
25,남자,제주 그린티
25,남자,트루케어
30,남자,포레스트
30,남자,기타
30,남자,기타
30,남자,기타
30,남자,기타
30,남자,기타
30,남자,기타
35,여자,기타
35,여자,기타
35,여자,기타
29,여자,트루케어
39,여자,올리브
39,여자,기타
39,여자,올리브
39,여자,기타
27,여자,트루케어
18,여자,기타
18,여자,기타
38,여자,에코사이언스
30,여자,제주 화산송이
30,여자,기타
30,여자,기타
30,여자,기타
30,여자,기타
30,여자,기타
30,여자,기타
30,여자,기타
38,여자,기타
23,여자,기타
23,여자,기타
27,여자,트루케어
23,여자,기타
23,여자,기타
27,여자,제주 카멜리아
27,여자,제로헤어
23,여자,기타
23,여자,기타
27,여자,제로헤어
27,여자,트루케어
23,여자,제주 탄산 미네랄
23,여자,제주 탄산 미네랄
23,여자,기타
23,여자,제주 용암해수
23,여자,기타
27,여자,제주 화산송이
27,여자,슈퍼푸드
32,여자,트루케어
27,여자,기타
29,여자,제주 한란
29,여자,기타
29,여자,기타
29,여자,기타
29,여자,기타
29,여자,기타
41,여자,기타
36,여자,트루케어
41,여자,제주 비자
29,여자,기타
29,여자,기타
29,여자,기타
29,여자,기타
29,여자,기타
29,여자,기타
29,여자,기타
29,여자,기타
41,여자,기타
31,여자,기타
37,여자,제주 비자
37,여자,기타
37,여자,기타
37,여자,기타
37,여자,기타
35,여자,트루케어
30,여자,기타
30,여자,기타
31,여자,트루케어
31,여자,슈퍼푸드
31,여자,슈퍼푸드
39,여자,기타
26,여자,기타
26,여자,에코사이언스
26,여자,제주 비자
39,여자,기타
29,여자,기타
29,여자,기타
28,여자,기타
28,여자,기타
27,여자,기타
28,여자,기타
28,여자,기타
28,여자,기타
27,여자,올리브
27,여자,기타
28,여자,기타
32,여자,기타
31,여자,마이 헤어 레시피
31,여자,제주 화산송이
31,여자,제주 카멜리아
31,여자,올리브
25,여자,트루케어
31,여자,마이 헤어 레시피
31,여자,마이 헤어 레시피
25,여자,미네랄 메이크업
25,여자,미네랄 메이크업
25,여자,미네랄 메이크업
25,여자,미네랄 메이크업
25,여자,미네랄 메이크업
25,여자,미네랄 메이크업
31,여자,제주 한란
31,여자,슈퍼푸드
31,여자,제주 용암해수
31,여자,제주 용암해수
31,여자,제주 용암해수
31,여자,기타
33,여자,슈퍼푸드
33,여자,트루케어
33,여자,트루케어
33,여자,트루케어
36,여자,제주 화산송이
33,여자,기타
33,여자,기타
33,여자,기타
33,여자,기타
33,여자,기타
33,여자,기타
33,여자,기타
33,여자,기타
33,여자,기타
33,여자,기타
33,여자,기타
33,여자,기타
33,여자,기타
33,여자,기타
33,여자,기타
33,여자,기타
36,여자,제주 비자
36,여자,제주 카멜리아
36,여자,제주 카멜리아
36,여자,기타
36,여자,제주 비자
36,여자,제주 카멜리아
29,여자,미네랄 메이크업
29,여자,미네랄 메이크업
29,여자,미네랄 메이크업
29,여자,미네랄 메이크업
29,여자,미네랄 메이크업
29,여자,미네랄 메이크업
34,남자,트루케어
29,여자,트루케어
54,여자,슈퍼푸드
26,남자,기타
26,남자,슈퍼푸드
37,여자,제주 한란
37,여자,제주 한란
31,여자,트루케어
32,남자,트루케어
29,여자,슈퍼푸드
29,여자,슈퍼푸드
29,여자,슈퍼푸드
29,여자,슈퍼푸드
28,여자,기타
26,여자,트루케어
30,남자,제주 그린티
30,남자,제주 그린티
26,여자,슈퍼푸드
26,여자,슈퍼푸드
26,여자,슈퍼푸드
27,여자,더 미니멈
27,여자,더 미니멈
27,여자,더 미니멈
27,여자,더 미니멈
27,여자,더 미니멈
27,여자,더 미니멈
27,남자,제주 그린티
27,남자,제주 그린티
44,여자,기타
44,여자,슈퍼푸드
44,여자,기타
44,여자,기타
44,여자,기타
44,여자,기타
44,여자,기타
44,여자,올리브
41,여자,미네랄 메이크업
41,여자,기타
41,여자,기타
41,여자,기타
41,여자,기타
41,여자,기타
41,여자,기타
41,여자,기타
41,여자,기타
41,여자,제주 유채꿀
35,여자,제주 용암해수
23,여자,기타
42,여자,기타
42,여자,제주 풋감
42,여자,기타
42,여자,기타
42,여자,기타
42,여자,기타
27,여자,기타
27,여자,제주 카멜리아
27,여자,제주 풋감
27,여자,제주 용암해수
27,여자,더 미니멈
27,여자,화이트닝 포어
24,여자,기타
24,여자,슈퍼푸드
24,여자,기타
24,여자,기타
31,여자,올리브
31,여자,미네랄 메이크업
31,여자,미네랄 메이크업
31,여자,미네랄 메이크업
31,여자,미네랄 메이크업
31,여자,미네랄 메이크업
31,여자,미네랄 메이크업
31,여자,제주 비자
44,여자,기타
44,여자,기타
44,여자,제주 카멜리아
44,여자,기타
44,여자,제주 화산송이
44,여자,제주 비자
44,여자,제주 비자
44,여자,기타
44,여자,기타
33,여자,트루케어
23,여자,미네랄 메이크업
23,여자,미네랄 메이크업
23,여자,미네랄 메이크업
23,여자,기타
23,여자,미네랄 메이크업
23,여자,미네랄 메이크업
23,여자,기타
23,여자,미네랄 메이크업
19,여자,미네랄 메이크업
19,여자,미네랄 메이크업
19,여자,기타
19,여자,기타
19,여자,기타
19,여자,기타
19,여자,기타
19,여자,기타
19,여자,미네랄 메이크업
19,여자,미네랄 메이크업
19,여자,미네랄 메이크업
19,여자,미네랄 메이크업
26,여자,슈퍼푸드
26,여자,돈워리
26,여자,트루케어
30,여자,애플 씨드
36,여자,애플 씨드
26,여자,기타
26,여자,트루케어
26,여자,트루케어
26,여자,제주 용암해수
26,여자,기타
26,여자,기타
26,여자,슈퍼푸드
26,여자,기타
45,여자,기타
45,여자,기타
45,여자,기타
45,여자,기타
45,여자,기타
45,여자,기타
39,여자,슈퍼푸드
39,여자,슈퍼푸드
39,여자,슈퍼푸드
35,여자,더 미니멈
35,여자,더 미니멈
35,여자,더 미니멈
35,여자,더 미니멈
35,여자,더 미니멈
35,여자,더 미니멈
35,여자,제주 비자
35,여자,포레스트
29,여자,트루케어
24,여자,미네랄 메이크업
24,여자,미네랄 메이크업
24,여자,미네랄 메이크업
24,여자,미네랄 메이크업
24,여자,미네랄 메이크업
24,여자,미네랄 메이크업
38,여자,기타
38,여자,기타
38,여자,기타
38,여자,트루케어
41,여자,기타
21,여자,애플 씨드
21,여자,제주 그린티
21,여자,제주 그린티
33,남자,미네랄 메이크업
33,남자,미네랄 메이크업
33,남자,미네랄 메이크업
33,남자,미네랄 메이크업
33,남자,미네랄 메이크업
33,남자,미네랄 메이크업
24,여자,애플 씨드
24,여자,제주 그린티
24,여자,기타
24,여자,제주 비자
30,여자,제주 그린티
23,여자,제주 화산송이
23,여자,기타
31,여자,기타
31,여자,기타
31,여자,슈퍼푸드
49,여자,기타
39,여자,기타
39,여자,기타
24,여자,제주 화산송이
24,여자,기타
24,여자,제주 화산송이
24,여자,제주 화산송이
32,여자,애플 씨드
43,남자,기타
43,남자,기타
43,남자,기타
43,남자,기타
43,남자,기타
43,남자,기타
43,남자,기타
21,여자,기타
21,여자,기타
30,여자,기타
30,여자,기타
33,여자,제주 그린티
33,여자,제주 그린티
33,여자,기타
33,여자,제주 그린티
33,여자,제주 그린티
35,여자,올리브
35,여자,기타
35,여자,기타
23,여자,미네랄 메이크업
23,여자,미네랄 메이크업
23,여자,미네랄 메이크업
23,여자,미네랄 메이크업
23,여자,미네랄 메이크업
23,여자,미네랄 메이크업
45,여자,슈퍼푸드
45,여자,슈퍼푸드
34,여자,기타
34,여자,기타
34,여자,기타
34,여자,기타
34,여자,기타
34,여자,기타
24,남자,기타
24,남자,기타
29,여자,기타
29,여자,기타
29,여자,올리브
29,여자,기타
33,여자,올리브
33,여자,올리브
30,여자,기타
30,여자,포레스트
52,여자,기타
28,여자,기타
28,여자,기타
28,여자,기타
28,여자,기타
28,여자,기타
28,여자,기타
28,여자,기타
31,여자,제주 그린티
31,여자,제주 그린티
25,남자,포레스트
22,여자,트루케어
797,여자,슈퍼푸드
797,여자,슈퍼푸드
797,여자,슈퍼푸드
797,여자,제주 발효콩
797,여자,슈퍼푸드
39,남자,제주 화산송이
31,여자,슈퍼푸드
31,여자,슈퍼푸드
31,여자,슈퍼푸드
29,여자,제주 비자
29,여자,제주 그린티
29,여자,기타
29,여자,기타
29,여자,올리브
28,남자,포레스트
28,남자,기타
28,남자,기타
65,여자,트루케어
65,여자,기타
65,여자,기타
43,여자,슈퍼푸드
42,여자,미네랄 메이크업
42,여자,제주 유채꿀
42,여자,제주 풋감
42,여자,제주 알로에
24,여자,트루케어
24,여자,트루케어
24,여자,트루케어
24,여자,제주 그린티
24,여자,트루케어
37,여자,트루케어
34,여자,기타
34,여자,기타
37,여자,기타
37,여자,기타
25,여자,미네랄 메이크업
25,여자,미네랄 메이크업
25,여자,트루케어
25,여자,미네랄 메이크업
25,여자,기타
25,여자,미네랄 메이크업
25,여자,미네랄 메이크업
25,여자,미네랄 메이크업
39,여자,기타
39,여자,기타
39,여자,기타
39,여자,화이트닝 포어
39,여자,기타
39,여자,기타
25,여자,기타
25,여자,슈퍼푸드
25,여자,슈퍼푸드
49,여자,기타
49,여자,기타
24,여자,제주 용암해수
73,남자,미네랄 메이크업
73,남자,미네랄 메이크업
73,남자,미네랄 메이크업
73,남자,미네랄 메이크업
73,남자,미네랄 메이크업
73,남자,미네랄 메이크업
31,여자,기타
31,여자,기타
31,여자,기타
31,여자,기타
31,여자,기타
31,여자,기타
24,남자,올리브
24,남자,꽃송이버섯
26,여자,트루케어
20,여자,기타
20,여자,기타
20,여자,기타
36,여자,트루케어
34,여자,에코 내추럴
34,여자,미네랄 메이크업
34,여자,기타
34,여자,기타
34,여자,기타
34,여자,기타
34,여자,기타
34,여자,기타
34,여자,트루케어
34,여자,제주 카멜리아
34,여자,제주 청보리
27,여자,제주 그린티
31,여자,기타
34,여자,기타
34,여자,기타
34,여자,기타
34,여자,기타
30,여자,트루케어
30,여자,기타
30,여자,기타
37,여자,기타
27,여자,트루케어
27,여자,올리브
26,남자,제로헤어
26,남자,트루케어
26,남자,포레스트
36,여자,기타
28,남자,기타
24,남자,기타
24,남자,기타
24,남자,기타
24,남자,기타
21,여자,트루케어
53,여자,제주 그린티
53,여자,기타
53,여자,기타
30,여자,트루케어
22,여자,기타
22,여자,기타
22,여자,기타
22,여자,기타
19,여자,기타
19,여자,기타
19,여자,기타
19,여자,기타
19,여자,기타
19,여자,기타
29,여자,제주 한란
24,여자,기타
24,여자,기타
24,여자,슈퍼푸드
21,여자,기타
21,여자,기타
21,여자,제주 화산송이
21,여자,제주 화산송이
29,여자,에코사이언스
24,여자,기타
26,여자,트루케어
24,여자,트루케어
30,여자,기타
30,여자,제주 그린티
30,여자,제주 그린티
30,여자,기타
30,여자,슈퍼푸드
30,여자,기타
30,여자,기타
30,여자,기타
19,여자,더 미니멈
19,여자,더 미니멈
19,여자,더 미니멈
19,여자,더 미니멈
19,여자,더 미니멈
19,여자,더 미니멈
21,여자,기타
21,여자,기타
21,여자,기타
21,여자,기타
21,여자,기타
27,여자,제주 용암해수
27,여자,기타
27,여자,기타
27,여자,기타
27,여자,기타
27,여자,기타
27,여자,기타
27,여자,기타
28,여자,제주 한란
32,여자,기타
28,여자,제주 한란
32,여자,슈퍼푸드
32,여자,슈퍼푸드
32,여자,슈퍼푸드
32,여자,기타
41,여자,기타
41,여자,올리브
41,여자,기타
41,여자,기타
41,여자,미네랄 메이크업
41,여자,제주 비자
30,여자,기타
30,여자,제주 화산송이
41,여자,화이트 톤업
41,여자,기타
41,여자,화이트 톤업
41,여자,트루케어
38,여자,트루케어
33,여자,기타
27,여자,트루케어
30,여자,트루케어
24,남자,제주 그린티
24,남자,트루케어
26,여자,트루케어
39,여자,미네랄 메이크업
39,여자,미네랄 메이크업
39,여자,미네랄 메이크업
39,여자,기타
39,여자,미네랄 메이크업
39,여자,미네랄 메이크업
39,여자,미네랄 메이크업
49,여자,기타
49,여자,기타
49,여자,기타
49,여자,기타
49,여자,기타
49,여자,기타
25,여자,트루케어
51,여자,기타
51,여자,기타
51,여자,애플 씨드
51,여자,제주 한란
32,여자,미네랄 메이크업
32,여자,미네랄 메이크업
32,여자,미네랄 메이크업
32,여자,미네랄 메이크업
32,여자,미네랄 메이크업
32,여자,미네랄 메이크업
50,여자,마이 헤어 레시피
50,여자,제주 그린티
50,여자,제주 그린티
29,여자,기타
29,여자,기타
26,여자,제주 발효콩
38,여자,기타
38,여자,기타
38,여자,기타
31,여자,제주 화산송이
32,여자,화이트닝 포어
31,여자,제주 화산송이
32,여자,올리브
31,여자,제주 화산송이
31,여자,제주 화산송이
25,여자,애플 씨드
25,여자,제주 풋감
25,여자,제주 풋감
30,여자,기타
30,여자,기타
30,여자,기타
29,여자,제주 발효콩
35,여자,미네랄 메이크업
31,여자,트루케어
35,여자,기타
29,여자,퍼펙트 9리페어
35,여자,기타
35,여자,제주 한란
32,여자,제주 용암해수
32,여자,기타
32,여자,제주 그린티
29,여자,슈퍼푸드
45,여자,제주 화산송이
36,여자,기타
31,여자,제주 그린티
36,여자,트루케어
36,여자,기타
29,여자,슈퍼푸드
36,여자,기타
29,여자,기타
29,여자,기타
29,여자,기타
45,여자,제주 화산송이
36,여자,기타
45,여자,제주 그린티
49,여자,미네랄 메이크업
49,여자,미네랄 메이크업
49,여자,미네랄 메이크업
49,여자,미네랄 메이크업
49,여자,미네랄 메이크업
49,여자,미네랄 메이크업
49,여자,기타
49,여자,기타
26,남자,트루케어
28,여자,올리브
28,여자,에코사이언스
28,여자,기타
22,여자,트루케어
26,여자,트루케어
61,여자,기타
61,여자,기타
29,남자,올리브
29,남자,트루케어
29,남자,기타
33,남자,제주 비자
33,남자,제주 비자
33,남자,제주 비자
33,남자,트루케어
78,남자,트루케어
50,남자,기타
50,남자,기타
50,남자,기타
50,남자,슈퍼푸드
32,여자,제주 용암해수
31,여자,기타
31,여자,기타
31,여자,기타
31,여자,기타
31,여자,기타
32,여자,기타
31,여자,기타
31,여자,제주 알로에
32,여자,제주 한란
25,여자,기타
29,여자,기타
29,여자,기타
29,여자,기타
29,여자,기타
29,여자,기타
25,여자,기타
29,여자,포레스트
29,여자,포레스트
29,여자,포레스트
44,여자,기타
44,여자,제주 한란
44,여자,기타
26,여자,미네랄 메이크업
26,여자,미네랄 메이크업
26,여자,미네랄 메이크업
26,여자,미네랄 메이크업
26,여자,미네랄 메이크업
26,여자,미네랄 메이크업
26,여자,기타
20,여자,기타
24,여자,더 미니멈
24,여자,더 미니멈
24,여자,더 미니멈
41,여자,트루케어
24,여자,더 미니멈
35,여자,올리브
26,여자,올리브
26,여자,올리브
24,여자,더 미니멈
24,여자,더 미니멈
24,여자,기타
24,여자,기타
24,여자,제주 비자
24,여자,기타
20,남자,트루케어
20,남자,제주 그린티
28,남자,제주 그린티
28,남자,기타
28,남자,기타
32,여자,기타
32,여자,기타
32,여자,기타
32,여자,제주 청보리
32,여자,기타
51,여자,포레스트
27,여자,슈퍼푸드
27,여자,올리브
24,여자,제주 그린티
24,여자,마이 헤어 레시피
24,여자,기타
24,여자,기타
24,여자,기타
24,여자,기타
24,여자,기타
24,여자,기타
27,여자,기타
24,여자,기타
25,남자,기타
25,남자,에코사이언스
46,남자,미네랄 메이크업
46,남자,미네랄 메이크업
46,남자,미네랄 메이크업
46,남자,미네랄 메이크업
46,남자,미네랄 메이크업
46,남자,미네랄 메이크업
26,여자,슈퍼푸드
17,여자,트루케어
17,여자,기타
17,여자,기타
26,여자,제주 그린티
26,여자,제주 풋감
32,여자,제주 화산송이
32,여자,기타
32,여자,슈퍼푸드
24,여자,올리브
23,여자,기타
29,여자,기타
30,남자,트루케어
39,여자,더 미니멈
39,여자,더 미니멈
39,여자,더 미니멈
39,여자,더 미니멈
39,여자,더 미니멈
39,여자,더 미니멈
44,여자,기타
44,여자,기타
44,여자,제주 비자
44,여자,기타
44,여자,슈퍼푸드
44,여자,기타
44,여자,기타
44,여자,기타
44,여자,기타
44,여자,기타
44,여자,기타
44,여자,슈퍼푸드
28,여자,기타
28,여자,제주 그린티
37,여자,기타
37,여자,기타
37,여자,기타
37,여자,블랙 그린티
37,여자,기타
34,여자,슈퍼푸드
34,여자,기타
38,여자,제주 화산송이
38,여자,기타
38,여자,기타
30,여자,기타
45,여자,마이 헤어 레시피
45,여자,제로헤어
32,여자,기타
32,여자,기타
32,여자,기타
32,여자,기타
32,여자,기타
32,여자,기타
32,여자,기타
34,여자,슈퍼푸드
33,여자,제주 화산송이
42,여자,애플 씨드
42,여자,포레스트
42,여자,포레스트
27,여자,기타
27,여자,기타
27,여자,기타
27,여자,기타
27,여자,기타
27,여자,기타
27,여자,기타
27,여자,기타
23,남자,돈워리
31,여자,기타
31,여자,기타
31,여자,기타
31,여자,애플 씨드
31,여자,애플 씨드
20,여자,돈워리
20,여자,제주 용암해수
20,여자,제주 용암해수
20,여자,제주 용암해수
40,여자,에코사이언스
40,여자,포레스트
40,여자,기타
40,여자,기타
40,여자,기타
40,여자,기타
40,여자,퍼펙트 9리페어
43,여자,제주 비자
39,여자,제주 비자
39,여자,제주 비자
39,여자,기타
39,여자,기타
39,여자,기타
39,여자,기타
39,여자,기타
39,여자,슈퍼푸드
23,여자,기타
23,여자,기타
23,여자,기타
27,여자,애플 씨드
27,여자,제주 진저오일
29,여자,기타
29,여자,기타
29,여자,제주 청보리
41,여자,기타
41,여자,기타
41,여자,제주 비자
21,여자,기타
20,여자,기타
20,여자,기타
20,여자,기타
25,여자,기타
25,여자,기타
30,여자,제주 비자
28,여자,제주 한란
28,여자,제주 발효콩
36,여자,기타
36,여자,기타
36,여자,기타
36,여자,기타
36,여자,기타
36,여자,기타
18,여자,기타
18,여자,기타
18,여자,기타
34,여자,미네랄 메이크업
34,여자,미네랄 메이크업
34,여자,미네랄 메이크업
34,여자,미네랄 메이크업
34,여자,미네랄 메이크업
34,여자,미네랄 메이크업
39,여자,기타
39,여자,제주 알로에
39,여자,기타
27,여자,슈퍼푸드
27,여자,슈퍼푸드
37,여자,기타
37,여자,기타
37,여자,기타
37,여자,기타
39,남자,제주 탄산 미네랄
30,여자,제주 화산송이
30,여자,제주 그린티
30,여자,제주 그린티
30,여자,제주 그린티
29,여자,포레스트
29,여자,포레스트
29,여자,포레스트
29,여자,포레스트
29,여자,기타
29,여자,기타
29,여자,기타
29,여자,기타
29,여자,기타
29,여자,기타
29,여자,기타
29,여자,기타
29,여자,기타
29,여자,기타
29,여자,기타
29,여자,기타
29,여자,기타
29,여자,기타
27,여자,트루케어
39,여자,와 인
39,여자,퍼펙트 9리페어
22,여자,기타
22,여자,기타
22,여자,기타
22,여자,기타
22,여자,기타
22,여자,기타
27,여자,기타
27,여자,미네랄 메이크업
27,여자,기타
27,여자,기타
29,여자,트루케어
43,여자,더 미니멈
43,여자,더 미니멈
38,남자,미네랄 메이크업
38,남자,미네랄 메이크업
38,남자,미네랄 메이크업
38,남자,미네랄 메이크업
38,남자,미네랄 메이크업
38,남자,미네랄 메이크업
17,여자,기타
26,남자,올리브
27,여자,기타
27,여자,기타
27,여자,기타
27,여자,기타
27,여자,기타
27,여자,기타
27,여자,기타
27,여자,기타
27,여자,기타
27,여자,기타
27,여자,기타
27,여자,기타
27,여자,기타
1004,여자,기타
1004,여자,기타
1004,여자,기타
1004,여자,기타
1004,여자,제주 그린티
22,여자,트루케어
22,여자,트루케어
45,여자,미네랄 메이크업
45,여자,미네랄 메이크업
45,여자,미네랄 메이크업
45,여자,미네랄 메이크업
45,여자,미네랄 메이크업
45,여자,기타
45,여자,미네랄 메이크업
33,여자,미네랄 메이크업
33,여자,슈퍼푸드
33,여자,슈퍼푸드
33,여자,미네랄 메이크업
33,여자,미네랄 메이크업
33,여자,미네랄 메이크업
33,여자,미네랄 메이크업
33,여자,미네랄 메이크업
53,여자,기타
19,여자,기타
19,여자,슈퍼푸드
19,여자,기타
38,여자,마이 헤어 레시피
32,남자,기타
26,남자,기타
26,남자,제주 그린티
28,여자,기타
49,여자,제주 진저오일
49,여자,애플 씨드
49,여자,제주 한란
30,여자,기타
32,여자,제주 그린티
32,여자,화이트닝 포어
25,여자,기타
25,여자,기타
25,여자,기타
25,여자,기타
25,여자,기타
25,여자,기타
25,여자,기타
25,여자,기타
25,여자,기타
25,여자,기타
23,여자,화이트닝 포어
25,여자,기타
25,여자,기타
25,여자,기타
25,여자,기타
25,여자,기타
25,여자,기타
25,여자,기타
25,여자,기타
25,여자,기타
25,여자,기타
25,여자,기타
25,여자,기타
25,여자,기타
25,여자,기타
25,여자,기타
25,여자,기타
25,여자,기타
25,여자,기타
28,여자,트루케어
28,여자,기타
28,여자,기타
28,여자,기타
24,여자,제주 화산송이
24,여자,제주 용암해수
24,여자,제주 발효콩
24,여자,제주 청보리
24,여자,제주 유채꿀
24,여자,올리브
24,여자,기타
24,여자,기타
24,여자,기타
24,여자,기타
24,여자,기타
24,여자,제주 용암해수
24,여자,제주 용암해수
35,여자,트루케어
28,여자,트루케어
31,여자,기타
31,여자,기타
31,여자,애플 씨드
31,여자,제주 용암해수
31,여자,제주 그린티
31,여자,제주 용암해수
31,여자,미네랄 메이크업
47,여자,기타
47,여자,기타
47,여자,기타
47,여자,기타
47,여자,기타
47,여자,기타
47,여자,기타
47,여자,기타
47,여자,기타
47,여자,기타
47,여자,미네랄 메이크업
47,여자,미네랄 메이크업
47,여자,미네랄 메이크업
47,여자,미네랄 메이크업
47,여자,미네랄 메이크업
47,여자,미네랄 메이크업
47,여자,기타
21,여자,애플 씨드
21,여자,기타
21,여자,기타
21,여자,기타
21,여자,기타
21,여자,기타
21,여자,기타
21,여자,애플 씨드
32,여자,미네랄 메이크업
32,여자,미네랄 메이크업
32,여자,미네랄 메이크업
32,여자,미네랄 메이크업
32,여자,미네랄 메이크업
32,여자,미네랄 메이크업
41,여자,제주 화산송이
41,여자,제주 화산송이
41,여자,기타
29,남자,포레스트
28,남자,제주 발효콩
28,남자,제주 화산송이
28,남자,퍼펙트 9리페어
30,여자,기타
30,여자,기타
30,여자,기타
30,여자,기타
35,여자,제주 화산송이
35,여자,애플 씨드
35,여자,제주 화산송이
22,여자,트루케어
50,여자,제주 그린티
50,여자,기타
50,여자,트루케어
38,여자,제주 그린티
38,여자,에코사이언스
36,여자,슈퍼푸드
36,여자,슈퍼푸드
32,여자,기타
32,여자,기타
32,여자,기타
32,여자,제주 한란
22,여자,기타
22,여자,기타
22,여자,기타
22,여자,기타
34,여자,미네랄 메이크업
34,여자,미네랄 메이크업
34,여자,미네랄 메이크업
34,여자,미네랄 메이크업
34,여자,미네랄 메이크업
34,여자,포레스트
34,여자,애플 씨드
34,여자,올리브
34,여자,제주 화산송이
34,여자,미네랄 메이크업
34,여자,기타
34,여자,기타
34,여자,기타
34,여자,기타
32,여자,기타
32,여자,기타
32,여자,기타
32,여자,기타
29,여자,제주 그린티
29,여자,트루케어
29,여자,기타
26,여자,슈퍼푸드
26,여자,트루케어
30,여자,기타
30,여자,기타
30,여자,기타
34,여자,슈퍼푸드
48,여자,기타
48,여자,기타
48,여자,기타
48,여자,기타
48,여자,기타
48,여자,기타
21,여자,트루케어
35,여자,기타
35,여자,기타
35,여자,기타
35,여자,제주 그린티
35,여자,제주 그린티
35,여자,제주 그린티
35,여자,기타
35,여자,에코사이언스
35,여자,블랙 그린티
35,여자,기타
35,여자,기타
35,여자,기타
35,여자,제주 청보리
35,여자,기타
35,여자,기타
24,남자,제주 그린티
24,남자,기타
29,여자,제주 비자
29,여자,기타
29,여자,슈퍼푸드
29,여자,기타
34,여자,슈퍼푸드
34,여자,슈퍼푸드
26,여자,미네랄 메이크업
26,여자,미네랄 메이크업
26,여자,미네랄 메이크업
26,여자,미네랄 메이크업
26,여자,미네랄 메이크업
26,여자,미네랄 메이크업
26,여자,기타
26,여자,기타
25,여자,올리브
34,여자,슈퍼푸드
31,여자,기타
31,여자,기타
31,여자,포레스트
31,여자,에코사이언스
31,여자,올리브
38,여자,기타
38,여자,기타
38,여자,기타
17,여자,미네랄 메이크업
17,여자,미네랄 메이크업
17,여자,미네랄 메이크업
17,여자,기타
17,여자,미네랄 메이크업
17,여자,미네랄 메이크업
17,여자,미네랄 메이크업
30,여자,기타
30,여자,트루케어
42,여자,포레스트
42,여자,트루케어
47,여자,기타
29,여자,기타
28,여자,기타
28,여자,기타
28,여자,기타
28,여자,기타
28,여자,기타
28,여자,기타
28,여자,제로헤어
28,여자,미네랄 메이크업
28,여자,기타
28,여자,미네랄 메이크업
28,여자,미네랄 메이크업
28,여자,미네랄 메이크업
28,여자,미네랄 메이크업
28,여자,미네랄 메이크업
28,여자,제주 그린티
28,여자,제주 그린티
35,여자,슈퍼푸드
35,여자,슈퍼푸드
26,여자,트루케어
26,여자,기타
26,여자,기타
26,여자,기타
26,여자,기타
34,여자,미네랄 메이크업
34,여자,미네랄 메이크업
34,여자,미네랄 메이크업
34,여자,미네랄 메이크업
34,여자,미네랄 메이크업
34,여자,미네랄 메이크업
34,여자,기타
34,여자,기타
28,여자,트루케어
28,여자,기타
25,여자,기타
25,여자,제주 풋감
25,여자,제주 풋감
25,여자,기타
25,여자,기타
30,여자,미네랄 메이크업
30,여자,기타
30,여자,미네랄 메이크업
30,여자,미네랄 메이크업
30,여자,미네랄 메이크업
30,여자,기타
30,여자,미네랄 메이크업
30,여자,미네랄 메이크업
30,여자,기타
30,여자,트루케어
32,여자,트루케어
31,남자,기타
31,남자,기타
31,남자,기타
31,남자,기타
31,남자,기타
31,남자,기타
30,여자,포레스트
30,여자,제주 한란
37,여자,기타
37,여자,기타
37,여자,제주 그린티
18,여자,트루케어
31,여자,기타
31,여자,기타
31,여자,기타
31,여자,기타
31,여자,기타
31,여자,기타
24,여자,트루케어
40,여자,기타
40,여자,기타
40,여자,기타
40,여자,기타
40,여자,기타
40,여자,기타
42,여자,기타
24,여자,기타
24,여자,기타
24,여자,기타
24,여자,기타
24,여자,기타
26,여자,기타
26,여자,기타
26,여자,기타
26,여자,기타
26,여자,기타
26,여자,기타
28,남자,더 미니멈
28,남자,더 미니멈
28,남자,더 미니멈
28,남자,더 미니멈
28,남자,더 미니멈
28,남자,더 미니멈
45,여자,기타
45,여자,기타
45,여자,기타
45,여자,기타
45,여자,기타
45,여자,기타
45,여자,기타
24,여자,기타
24,여자,기타
24,여자,기타
24,여자,기타
37,여자,화이트 톤업
35,여자,제주 탄산 미네랄
35,여자,화이트닝 포어
19,여자,기타
19,여자,기타
19,여자,기타
19,여자,기타
19,여자,기타
19,여자,기타
19,여자,기타
36,여자,트루케어
16,여자,미네랄 메이크업
16,여자,미네랄 메이크업
16,여자,미네랄 메이크업
16,여자,미네랄 메이크업
16,여자,미네랄 메이크업
16,여자,미네랄 메이크업
40,여자,트루케어
40,여자,슈퍼푸드
23,여자,기타
23,여자,제주 그린티
23,여자,기타
23,여자,기타
37,여자,기타
37,여자,기타
37,여자,기타
37,여자,기타
29,여자,기타
29,여자,기타
25,여자,기타
25,여자,슈퍼푸드
25,여자,기타
37,여자,기타
37,여자,슈퍼푸드
37,여자,제주 화산송이
31,여자,트루케어
20,여자,트루케어
25,여자,기타
25,여자,트루케어
21,여자,기타
45,남자,포레스트
45,남자,포레스트
37,여자,기타
37,여자,제주 그린티
38,여자,제주 풋감
38,여자,에코사이언스
38,여자,에코사이언스
38,여자,제주 그린티
23,남자,트루케어
36,남자,기타
36,남자,기타
36,남자,기타
36,남자,기타
36,남자,기타
36,남자,기타
38,여자,에코사이언스
38,여자,올리브
38,여자,제주 화산송이
38,여자,기타
30,남자,슈퍼푸드
30,남자,슈퍼푸드
23,여자,기타
23,여자,기타
23,여자,기타
23,여자,기타
23,여자,기타
23,여자,기타
23,여자,기타
35,여자,제주 그린티
35,여자,슈퍼푸드
35,여자,제주 용암해수
35,여자,기타
34,여자,기타
34,여자,기타
34,여자,기타
41,남자,제주 화산송이
23,여자,기타
23,여자,트루케어
23,여자,기타
20,남자,포레스트
34,여자,미네랄 메이크업
34,여자,미네랄 메이크업
34,여자,미네랄 메이크업
34,여자,미네랄 메이크업
34,여자,미네랄 메이크업
34,여자,미네랄 메이크업
34,여자,미네랄 메이크업
38,여자,트루케어
38,여자,기타
38,여자,기타
30,여자,기타
30,여자,더 미니멈
30,여자,더 미니멈
30,여자,더 미니멈
30,여자,더 미니멈
30,여자,더 미니멈
30,여자,더 미니멈
26,여자,기타
26,여자,기타
27,여자,기타
27,여자,기타
27,여자,기타
27,여자,기타
27,여자,기타
27,여자,기타
28,여자,슈퍼푸드
28,여자,기타
28,여자,슈퍼푸드
28,여자,기타
28,여자,제주 용암해수
36,여자,트루케어
37,여자,기타
37,여자,기타
37,여자,기타
32,남자,미네랄 메이크업
32,남자,미네랄 메이크업
32,남자,미네랄 메이크업
32,남자,미네랄 메이크업
32,남자,미네랄 메이크업
32,남자,미네랄 메이크업
33,여자,기타
33,여자,기타
33,여자,제주 그린티
29,여자,기타
26,여자,기타
26,여자,기타
26,여자,기타
26,여자,기타
26,여자,기타
26,여자,기타
34,여자,올리브
50,여자,트루케어
32,남자,기타
32,남자,기타
32,남자,기타
32,남자,기타
35,여자,트루케어
23,여자,기타
27,여자,트루케어
34,남자,미네랄 메이크업
34,남자,미네랄 메이크업
34,남자,미네랄 메이크업
34,남자,미네랄 메이크업
34,남자,미네랄 메이크업
34,남자,미네랄 메이크업
45,여자,포레스트
40,여자,제주 한란
40,여자,제주 한란
40,여자,블랙 그린티
40,여자,기타
36,남자,포레스트
36,남자,포레스트
36,남자,제주 비자
20,여자,기타
20,여자,제주 그린티
20,여자,제주 그린티
21,여자,애플 씨드
43,여자,올리브
27,여자,제주 그린티
38,여자,제주 발효콩
38,여자,기타
38,여자,기타
38,여자,기타
38,여자,기타
41,여자,기타
41,여자,기타
41,여자,기타
41,여자,기타
41,여자,기타
41,여자,기타
36,여자,올리브
26,여자,트루케어
36,여자,제주 카멜리아
36,여자,기타
36,여자,기타
36,여자,올리브
36,여자,올리브
30,여자,미네랄 메이크업
30,여자,미네랄 메이크업
30,여자,미네랄 메이크업
30,여자,기타
30,여자,기타
30,여자,기타
30,여자,미네랄 메이크업
30,여자,미네랄 메이크업
30,여자,미네랄 메이크업
29,남자,포레스트
29,남자,제주 비자
21,여자,기타
21,여자,기타
21,여자,기타
22,여자,기타
22,여자,기타
40,여자,기타
40,여자,기타
40,여자,기타
40,여자,기타
40,여자,기타
40,여자,기타
40,여자,기타
40,여자,기타
40,여자,기타
40,여자,기타
40,여자,기타
40,여자,기타
40,여자,기타
40,여자,화이트 톤업
40,여자,애플 씨드
23,여자,기타
27,여자,슈퍼푸드
27,여자,슈퍼푸드
34,여자,애플 씨드
34,여자,제주 화산송이
34,여자,기타
34,여자,기타
35,여자,트루케어
39,여자,애플 씨드
22,여자,미네랄 메이크업
22,여자,미네랄 메이크업
22,여자,미네랄 메이크업
22,여자,미네랄 메이크업
22,여자,미네랄 메이크업
22,여자,미네랄 메이크업
38,여자,기타
38,여자,기타
38,여자,트루케어
38,여자,슈퍼푸드
25,남자,트루케어
25,여자,슈퍼푸드
27,여자,기타
27,여자,기타
27,여자,슈퍼푸드
27,여자,기타
27,여자,기타
27,여자,기타
27,여자,기타
27,여자,기타
27,여자,기타
30,여자,트루케어
33,여자,포레스트
33,여자,제주 그린티
24,여자,트루케어
39,남자,포레스트
39,남자,기타
29,여자,기타
29,여자,기타
31,여자,포레스트
31,여자,기타
41,여자,제주 청보리
41,여자,제주 발효콩
32,여자,미네랄 메이크업
32,여자,미네랄 메이크업
32,여자,미네랄 메이크업
32,여자,미네랄 메이크업
32,여자,미네랄 메이크업
32,여자,미네랄 메이크업
29,여자,포레스트
29,여자,올리브
57,남자,기타
30,남자,기타
30,남자,기타
30,남자,기타
30,남자,기타
30,남자,기타
30,남자,기타
29,여자,기타
29,여자,기타
29,여자,기타
29,여자,기타
29,여자,기타
29,여자,기타
29,여자,기타
29,여자,기타
42,남자,기타
42,남자,기타
20,여자,화이트 톤업
25,여자,제주 그린티
25,여자,기타
25,여자,기타
25,여자,기타
25,여자,기타
25,여자,기타
25,여자,기타
25,여자,기타
25,여자,기타
25,여자,기타
25,여자,애플 씨드
25,여자,제주 그린티
25,여자,기타
25,여자,기타
38,여자,슈퍼푸드
38,여자,슈퍼푸드
38,여자,슈퍼푸드
38,여자,기타
38,여자,기타
38,여자,슈퍼푸드
38,여자,슈퍼푸드
38,여자,슈퍼푸드
23,여자,기타
42,여자,제주 그린티
42,여자,제주 그린티
42,여자,제주 화산송이
24,여자,기타
24,여자,슈퍼푸드
24,여자,트루케어
24,여자,기타
35,여자,제주 비자
35,여자,제주 비자
31,여자,기타
31,여자,미네랄 메이크업
31,여자,제주 카멜리아
33,여자,트루케어
50,여자,제주 그린티
50,여자,제주 그린티
50,여자,제주 그린티
50,여자,제주 그린티
21,여자,트루케어
37,여자,기타
37,여자,트루케어
25,남자,포레스트
35,여자,제주 그린티
35,여자,올리브
35,여자,기타
44,여자,기타
44,여자,올리브
43,여자,트루케어
34,여자,기타
34,여자,기타
34,여자,기타
34,여자,기타
34,여자,기타
34,여자,기타
34,여자,기타
34,여자,기타
34,여자,슈퍼푸드
34,여자,슈퍼푸드
34,여자,슈퍼푸드
37,여자,기타
37,여자,기타
37,여자,제주 카멜리아
37,여자,올리브
37,여자,제주 그린티
37,여자,올리브
37,여자,올리브
37,여자,제주 그린티
37,여자,올리브
30,남자,미네랄 메이크업
30,남자,미네랄 메이크업
30,남자,미네랄 메이크업
30,남자,미네랄 메이크업
30,남자,미네랄 메이크업
30,남자,미네랄 메이크업
35,여자,기타
35,여자,트루케어
25,여자,기타
27,여자,기타
27,여자,기타
35,남자,슈퍼푸드
35,남자,슈퍼푸드
35,남자,슈퍼푸드
33,여자,기타
33,여자,기타
33,여자,기타
33,여자,기타
33,여자,기타
33,여자,기타
33,여자,기타
33,여자,기타
33,여자,기타
33,여자,기타
26,여자,트루케어
26,여자,트루케어
26,여자,트루케어
23,여자,기타
23,여자,기타
23,여자,기타
23,여자,기타
23,여자,기타
23,여자,기타
23,여자,기타
23,여자,기타
23,여자,기타
23,여자,기타
23,여자,트루케어
37,여자,기타
37,여자,기타
37,여자,기타
37,여자,기타
27,여자,미네랄 메이크업
27,여자,기타
27,여자,기타
27,여자,미네랄 메이크업
27,여자,미네랄 메이크업
27,여자,미네랄 메이크업
27,여자,미네랄 메이크업
27,여자,미네랄 메이크업
23,여자,기타
23,여자,기타
25,여자,제주 그린티
25,여자,제주 비자
25,여자,기타
25,여자,제주 한란
25,여자,애플 씨드
25,여자,제주 발효콩
25,여자,기타
25,여자,기타
25,여자,기타
25,여자,기타
25,여자,기타
37,여자,슈퍼푸드
37,여자,슈퍼푸드
36,여자,트루케어
28,여자,기타
28,여자,기타
28,여자,제주 그린티
28,여자,제주 탄산 미네랄
28,여자,기타
56,여자,슈퍼푸드
56,여자,슈퍼푸드
56,여자,트루케어
56,여자,트루케어
30,여자,제주 그린티
25,여자,제주 그린티
25,여자,제주 그린티
25,여자,트루케어
25,여자,트루케어
25,여자,트루케어
25,여자,트루케어
25,여자,트루케어
25,여자,슈퍼푸드
61,여자,올리브
27,여자,애플 씨드
27,여자,기타
27,여자,기타
27,여자,기타
27,여자,기타
30,여자,기타
34,여자,트루케어
19,여자,기타
19,여자,기타
19,여자,기타
19,여자,기타
32,여자,기타
32,여자,올리브
30,여자,기타
30,여자,화이트닝 포어
30,여자,기타
25,여자,트루케어
33,남자,트루케어
33,남자,기타
37,여자,기타
37,여자,기타
34,여자,제주 풋감
34,여자,트루케어
30,여자,기타
30,여자,기타
30,여자,기타
47,여자,트루케어
38,여자,트루케어
24,여자,트루케어
20,여자,미네랄 메이크업
20,여자,미네랄 메이크업
20,여자,미네랄 메이크업
20,여자,미네랄 메이크업
20,여자,미네랄 메이크업
20,여자,미네랄 메이크업
32,여자,기타
32,여자,기타
32,여자,제주 비자
32,여자,애플 씨드
32,여자,애플 씨드
32,남자,포레스트
32,남자,포레스트
27,여자,트루케어
63,여자,제주 유채꿀
63,여자,기타
63,여자,기타
63,여자,기타
63,여자,기타
63,여자,트루케어
63,여자,기타
63,여자,기타
63,여자,제주 화산송이
63,여자,퍼펙트 9리페어
29,여자,트루케어
34,남자,미네랄 메이크업
34,남자,미네랄 메이크업
34,남자,미네랄 메이크업
34,남자,미네랄 메이크업
34,남자,미네랄 메이크업
34,남자,미네랄 메이크업
30,여자,기타
30,여자,기타
30,여자,기타
30,여자,기타
34,여자,트루케어
34,여자,슈퍼푸드
34,여자,슈퍼푸드
34,여자,슈퍼푸드
23,여자,미네랄 메이크업
23,여자,미네랄 메이크업
23,여자,미네랄 메이크업
23,여자,기타
23,여자,미네랄 메이크업
23,여자,미네랄 메이크업
23,여자,미네랄 메이크업
37,여자,기타
29,여자,기타
29,여자,퍼펙트 9리페어
1214,남자,제주 비자
1214,남자,기타
28,남자,미네랄 메이크업
28,남자,미네랄 메이크업
28,남자,미네랄 메이크업
28,남자,미네랄 메이크업
28,남자,미네랄 메이크업
28,남자,미네랄 메이크업
24,남자,트루케어
24,남자,제주 그린티
24,남자,제주 그린티
24,남자,제주 화산송이
24,남자,제주 그린티
28,여자,제주 그린티
28,여자,트루케어
30,여자,기타
30,여자,기타
30,여자,기타
30,여자,기타
30,여자,기타
30,여자,기타
30,여자,기타
30,여자,기타
30,여자,기타
30,여자,기타
30,여자,기타
30,여자,기타
30,여자,기타
30,여자,기타
30,여자,기타
30,여자,기타
30,여자,기타
30,여자,기타
30,여자,기타
30,여자,기타
30,여자,기타
30,여자,기타
30,여자,기타
30,여자,제주 화산송이
30,여자,제주 비자
30,여자,기타
18,여자,기타
18,여자,기타
18,여자,기타
18,여자,기타
18,여자,기타
18,여자,기타
18,여자,기타
18,여자,기타
43,여자,슈퍼푸드
43,여자,제주 화산송이
48,여자,기타
30,여자,트루케어
29,여자,기타
29,여자,기타
29,여자,기타
29,여자,기타
29,여자,기타
29,여자,기타
25,여자,기타
25,여자,기타
21,여자,제주 청보리
21,여자,제주 비자
36,여자,올리브
36,여자,애플 씨드
42,여자,기타
42,여자,기타
42,여자,기타
42,여자,트루케어
42,여자,기타
42,여자,기타
42,여자,기타
42,여자,기타
42,여자,기타
35,여자,제주 비자
35,여자,제주 청보리
24,남자,기타
24,남자,기타
35,여자,기타
35,여자,기타
45,여자,기타
45,여자,기타
45,여자,기타
45,여자,기타
45,여자,기타
45,여자,기타
45,여자,기타
41,여자,트루케어
23,여자,기타
23,여자,기타
23,여자,제주 화산송이
23,여자,기타
23,여자,올리브
23,여자,기타
23,여자,기타
23,여자,기타
23,여자,제주 그린티
20,여자,기타
20,여자,기타
20,여자,기타
20,여자,기타
20,여자,기타
20,여자,기타
29,여자,기타
29,여자,퍼펙트 9리페어
29,여자,기타
29,여자,제주 화산송이
38,여자,제주 용암해수
38,여자,제주 용암해수
38,여자,트루케어
38,여자,제주 용암해수
36,여자,제주 비자
36,여자,올리브
36,여자,기타
28,남자,트루케어
46,여자,기타
46,여자,기타
46,여자,마이 헤어 레시피
46,여자,마이 헤어 레시피
46,여자,마이 헤어 레시피
27,여자,트루케어
27,여자,트루케어
27,여자,제주 청보리
27,여자,기타
27,여자,기타
29,여자,트루케어
29,여자,제주 그린티
29,여자,기타
29,여자,제주 발효콩
29,여자,포레스트
29,여자,애플 씨드
29,여자,제주 화산송이
43,여자,제주 비자
43,여자,제주 그린티
43,여자,트루케어
43,여자,슈퍼푸드
43,여자,제주 탄산 미네랄
43,여자,기타
25,여자,슈퍼푸드
25,여자,슈퍼푸드
22,남자,기타
22,남자,기타
22,남자,제주 그린티
36,여자,포레스트
36,여자,기타
36,여자,포레스트
25,남자,기타
25,남자,기타
25,남자,기타
37,여자,제주 한란
37,여자,제주 청보리
37,여자,제주 그린티
37,여자,제주 그린티
37,여자,기타
37,여자,제주 그린티
37,여자,기타
37,여자,기타
37,여자,제주 그린티
22,여자,기타
22,여자,기타
38,여자,기타
38,여자,기타
38,여자,기타
38,여자,기타
38,여자,기타
38,여자,기타
38,여자,기타
24,여자,기타
24,여자,기타
24,여자,기타
24,여자,기타
24,여자,기타
24,여자,기타
24,여자,기타
49,여자,슈퍼푸드
39,여자,올리브
39,여자,올리브
39,여자,올리브
30,여자,기타
26,여자,기타
26,여자,기타
26,여자,기타
26,여자,기타
30,여자,기타
26,여자,기타
48,여자,제주 풋감
48,여자,트루케어
48,여자,제주 풋감
48,여자,포레스트
30,여자,기타
30,여자,기타
61,여자,화이트닝 포어
31,여자,미네랄 메이크업
31,여자,미네랄 메이크업
31,여자,미네랄 메이크업
31,여자,미네랄 메이크업
31,여자,미네랄 메이크업
31,여자,기타
31,여자,미네랄 메이크업
47,여자,제주 그린티
47,여자,올리브
30,여자,슈퍼푸드
22,여자,기타
22,여자,미네랄 메이크업
22,여자,기타
23,남자,제주 그린티
55,여자,기타
55,여자,기타
55,여자,기타
55,여자,기타
55,여자,기타
44,여자,올리브
47,남자,제주 알로에
47,남자,제주 비자
47,남자,제주 비자
47,남자,제주 비자
47,남자,제주 비자
34,여자,트루케어
34,여자,기타
34,여자,기타
29,여자,트루케어
26,여자,올리브
29,여자,올리브
38,여자,슈퍼푸드
38,여자,슈퍼푸드
38,여자,기타
38,여자,기타
38,여자,기타
38,여자,제주 비자
27,여자,기타
27,여자,기타
18,여자,기타
18,여자,기타
18,여자,기타
27,여자,제주 그린티
27,여자,제주 탄산 미네랄
27,여자,트루케어
27,여자,트루케어
27,여자,트루케어
26,여자,미네랄 메이크업
26,여자,미네랄 메이크업
26,여자,미네랄 메이크업
26,여자,미네랄 메이크업
26,여자,미네랄 메이크업
26,여자,미네랄 메이크업
28,여자,슈퍼푸드
28,여자,트루케어
28,여자,슈퍼푸드
50,남자,애플 씨드
50,남자,기타
50,남자,기타
41,남자,와 인
33,남자,포레스트
31,남자,기타
31,남자,기타
29,남자,제주 비자
29,남자,제주 알로에
29,남자,슈퍼푸드
31,남자,기타
31,남자,기타
31,남자,기타
31,남자,트루케어
45,여자,기타
37,여자,올리브
1917,남자,기타
1917,남자,기타
1917,남자,기타
1917,남자,기타
1917,남자,기타
1917,남자,기타
39,여자,기타
39,여자,기타
39,여자,기타
39,여자,기타
39,여자,기타
39,여자,기타
39,여자,미네랄 메이크업
30,여자,미네랄 메이크업
30,여자,미네랄 메이크업
30,여자,미네랄 메이크업
30,여자,미네랄 메이크업
30,여자,미네랄 메이크업
30,여자,미네랄 메이크업
30,여자,제주 카멜리아
30,여자,제주 화산송이
31,여자,포레스트
33,여자,미네랄 메이크업
33,여자,미네랄 메이크업
33,여자,미네랄 메이크업
33,여자,미네랄 메이크업
33,여자,미네랄 메이크업
33,여자,미네랄 메이크업
30,여자,기타
37,여자,올리브
32,여자,제주 그린티
32,여자,슈퍼푸드
32,여자,제주 그린티
27,여자,트루케어
29,여자,슈퍼푸드
29,여자,슈퍼푸드
29,여자,슈퍼푸드
29,여자,슈퍼푸드
29,여자,슈퍼푸드
29,여자,슈퍼푸드
23,여자,기타
35,여자,기타
35,여자,기타
35,여자,기타
35,여자,기타
35,여자,기타
35,여자,기타
35,여자,올리브
26,여자,기타
26,여자,기타
37,여자,슈퍼푸드
30,여자,제주 화산송이
30,여자,제주 화산송이
30,여자,제주 비자
30,여자,기타
30,여자,기타
37,여자,기타
30,여자,제주 알로에
30,여자,트루케어
26,여자,기타
26,여자,기타
26,여자,기타
26,여자,기타
36,여자,슈퍼푸드
36,여자,슈퍼푸드
22,여자,미네랄 메이크업
22,여자,미네랄 메이크업
22,여자,미네랄 메이크업
22,여자,기타
22,여자,미네랄 메이크업
22,여자,미네랄 메이크업
22,여자,미네랄 메이크업
36,여자,더 미니멈
36,여자,더 미니멈
36,여자,더 미니멈
36,여자,더 미니멈
36,여자,더 미니멈
36,여자,더 미니멈
36,여자,애플 씨드
29,남자,올리브
29,남자,트루케어
46,여자,기타
46,여자,기타
46,여자,기타
46,여자,기타
46,여자,기타
46,여자,기타
32,남자,제주 그린티
32,남자,기타
32,남자,제주 그린티
32,남자,제주 그린티
32,남자,제주 그린티
15,여자,기타
15,여자,기타
15,여자,기타
15,여자,기타
15,여자,기타
34,여자,제주 비자
34,여자,미네랄 메이크업
34,여자,미네랄 메이크업
34,여자,미네랄 메이크업
34,여자,미네랄 메이크업
34,여자,미네랄 메이크업
34,여자,미네랄 메이크업
34,여자,포레스트
38,여자,제주 그린티
38,여자,제주 그린티
38,여자,에코사이언스
38,여자,애플 씨드
38,여자,기타
38,여자,슈퍼푸드
38,여자,기타
38,여자,기타
37,여자,기타
37,여자,트루케어
37,여자,기타
37,여자,애플 씨드
30,여자,기타
36,여자,올리브
30,여자,올리브
31,여자,기타
31,여자,기타
31,여자,기타
31,여자,기타
31,여자,기타
31,여자,기타
31,여자,기타
39,남자,포레스트
39,남자,포레스트
39,남자,포레스트
33,여자,기타
33,여자,미네랄 메이크업
33,여자,제주 화산송이
33,여자,슈퍼푸드
29,여자,기타
29,여자,기타
29,여자,기타
29,여자,기타
29,여자,기타
29,여자,기타
29,여자,기타
29,여자,기타
23,여자,제주 그린티
23,여자,제주 그린티
26,여자,제주 청보리
26,여자,제주 유채꿀
26,여자,기타
21,여자,기타
21,여자,기타
21,여자,기타
21,여자,기타
21,여자,기타
21,여자,기타
33,여자,올리브
21,여자,기타
21,여자,기타
21,여자,기타
21,여자,기타
21,여자,기타
21,여자,기타
21,여자,기타
21,여자,기타
21,여자,기타
21,여자,기타
21,여자,기타
21,여자,기타
25,여자,제주 용암해수
25,여자,제주 용암해수
25,여자,제주 용암해수
25,여자,슈퍼푸드
19,여자,기타
19,여자,미네랄 메이크업
19,여자,미네랄 메이크업
18,여자,트루케어
19,여자,미네랄 메이크업
19,여자,미네랄 메이크업
19,여자,미네랄 메이크업
19,여자,미네랄 메이크업
34,여자,기타
34,여자,슈퍼푸드
34,여자,더 미니멈
34,여자,더 미니멈
34,여자,더 미니멈
34,여자,더 미니멈
34,여자,더 미니멈
34,여자,더 미니멈
34,여자,더 미니멈
34,여자,기타
34,여자,기타
34,여자,기타
34,여자,기타
34,여자,기타
34,여자,기타
30,여자,기타
25,여자,기타
25,여자,기타
25,여자,기타
25,여자,기타
25,여자,제주 카멜리아
30,여자,기타
25,여자,기타
30,여자,기타
25,여자,기타
25,여자,기타
25,여자,기타
28,여자,애플 씨드
28,여자,기타
31,여자,기타
31,여자,기타
31,여자,기타
31,여자,기타
31,여자,기타
28,여자,애플 씨드
29,여자,기타
28,여자,트루케어
31,여자,제주 그린티
22,여자,제주 그린티
28,여자,더 미니멈
28,여자,더 미니멈
28,여자,더 미니멈
28,여자,더 미니멈
28,여자,더 미니멈
28,여자,더 미니멈
28,여자,제주 비자
28,여자,제주 비자
28,여자,기타
28,여자,기타
28,여자,기타
28,여자,기타
28,여자,기타
28,여자,기타
28,여자,기타
28,여자,기타
28,여자,기타
31,여자,기타
41,여자,기타
41,여자,에코사이언스
41,여자,제주 풋감
41,여자,제주 풋감
41,여자,제주 한란
44,여자,애플 씨드
69,여자,미네랄 메이크업
69,여자,미네랄 메이크업
69,여자,미네랄 메이크업
69,여자,미네랄 메이크업
69,여자,미네랄 메이크업
69,여자,미네랄 메이크업
49,여자,화이트 톤업
49,여자,기타
49,여자,기타
49,여자,제주 그린티
49,여자,제주 탄산 미네랄
49,여자,기타
49,여자,기타
49,여자,기타
35,여자,올리브
35,여자,애플 씨드
38,여자,올리브
30,여자,기타
30,여자,기타
30,여자,기타
30,여자,기타
30,여자,기타
30,여자,기타
30,여자,기타
30,여자,기타
30,여자,기타
34,여자,기타
34,여자,기타
30,여자,기타
26,여자,슈퍼푸드
30,여자,슈퍼푸드
27,여자,기타
27,여자,기타
27,여자,기타
27,여자,기타
27,여자,기타
27,여자,기타
27,여자,기타
27,여자,기타
34,여자,트루케어
38,여자,에코사이언스
38,여자,제주 발효콩
38,여자,제주 비자
38,여자,제주 그린티
22,남자,화이트닝 포어
22,남자,화이트닝 포어
22,남자,화이트닝 포어
37,여자,기타
37,여자,기타
37,여자,기타
37,여자,기타
37,여자,기타
37,여자,기타
38,남자,제주 화산송이
38,남자,화이트닝 포어
38,남자,기타
32,여자,기타
32,여자,기타
32,여자,기타
32,여자,기타
32,여자,기타
32,여자,기타
42,남자,미네랄 메이크업
42,남자,미네랄 메이크업
42,남자,미네랄 메이크업
42,남자,미네랄 메이크업
42,남자,미네랄 메이크업
42,남자,미네랄 메이크업
35,여자,제로헤어
35,여자,제주 발효콩
25,여자,슈퍼푸드
25,여자,슈퍼푸드
25,여자,슈퍼푸드
25,여자,올리브
25,여자,포레스트
32,여자,기타
29,여자,제주 그린티
41,여자,제주 한란
41,여자,기타
41,여자,올리브
42,여자,슈퍼푸드
42,여자,더 미니멈
42,여자,더 미니멈
42,여자,더 미니멈
42,여자,더 미니멈
42,여자,슈퍼푸드
42,여자,슈퍼푸드
42,여자,올리브
42,여자,더 미니멈
42,여자,더 미니멈
55,여자,슈퍼푸드
55,여자,트루케어
31,여자,더 미니멈
27,여자,트루케어
43,여자,기타
46,여자,트루케어
41,여자,기타
41,여자,기타
41,여자,기타
24,여자,슈퍼푸드
24,여자,슈퍼푸드
17,여자,미네랄 메이크업
17,여자,미네랄 메이크업
17,여자,미네랄 메이크업
17,여자,미네랄 메이크업
17,여자,미네랄 메이크업
17,여자,미네랄 메이크업
18,여자,기타
18,여자,제주 그린티
56,여자,올리브
37,여자,슈퍼푸드
37,여자,슈퍼푸드
37,여자,슈퍼푸드
37,여자,슈퍼푸드
37,여자,슈퍼푸드
37,여자,슈퍼푸드
51,남자,제주 비자
38,여자,기타
38,여자,기타
38,여자,기타
38,여자,올리브
38,여자,에코 내추럴
49,남자,트루케어
45,여자,트루케어
45,여자,트루케어
26,여자,트루케어
27,여자,기타
19,여자,화이트 톤업
28,여자,기타
19,여자,기타
28,여자,기타
28,여자,슈퍼푸드
28,여자,기타
28,여자,기타
19,여자,화이트 톤업
28,여자,슈퍼푸드
35,여자,기타
35,여자,올리브
34,여자,트루케어
38,여자,제주 그린티
38,여자,제주 그린티
38,여자,올리브
24,여자,제주 그린티
24,여자,제주 그린티
38,여자,기타
40,여자,미네랄 메이크업
40,여자,미네랄 메이크업
40,여자,미네랄 메이크업
40,여자,미네랄 메이크업
40,여자,미네랄 메이크업
40,여자,미네랄 메이크업
33,여자,기타
33,여자,기타
33,여자,기타
33,여자,기타
33,여자,기타
33,여자,기타
27,여자,기타
31,여자,트루케어
46,여자,기타
46,여자,기타
46,여자,기타
46,여자,기타
36,여자,미네랄 메이크업
36,여자,미네랄 메이크업
36,여자,미네랄 메이크업
36,여자,미네랄 메이크업
36,여자,미네랄 메이크업
36,여자,미네랄 메이크업
46,여자,미네랄 메이크업
46,여자,미네랄 메이크업
46,여자,미네랄 메이크업
46,여자,미네랄 메이크업
36,여자,기타
46,여자,미네랄 메이크업
46,여자,미네랄 메이크업
36,여자,기타
36,여자,기타
27,여자,슈퍼푸드
27,여자,기타
44,여자,올리브
44,여자,제주 한란
32,여자,제주 비자
44,여자,제주 알로에
46,여자,더 미니멈
46,여자,더 미니멈
46,여자,더 미니멈
46,여자,더 미니멈
46,여자,더 미니멈
46,여자,더 미니멈
38,여자,마이 헤어 레시피
33,여자,슈퍼푸드
33,여자,제주 청보리
38,여자,올리브
38,여자,기타
33,여자,기타
38,여자,기타
38,여자,기타
33,여자,기타
33,여자,제주 알로에
33,여자,제주 그린티
37,여자,제주 비자
34,여자,올리브
34,여자,기타
34,여자,제주 그린티
47,여자,기타
47,여자,기타
47,여자,기타
38,여자,기타
22,여자,트루케어
38,여자,제주 화산송이
16,여자,제주 화산송이
24,여자,제주 그린티
25,여자,제주 그린티
32,여자,기타
32,여자,기타
32,여자,기타
32,여자,기타
32,여자,기타
32,여자,기타
33,여자,슈퍼푸드
35,여자,트루케어
33,여자,포레스트
33,여자,제주 그린티
33,여자,슈퍼푸드
33,여자,슈퍼푸드
42,여자,기타
42,여자,미네랄 메이크업
44,여자,미네랄 메이크업
44,여자,기타
44,여자,기타
44,여자,미네랄 메이크업
42,여자,미네랄 메이크업
44,여자,미네랄 메이크업
42,여자,미네랄 메이크업
44,여자,미네랄 메이크업
44,여자,미네랄 메이크업
42,여자,미네랄 메이크업
42,여자,미네랄 메이크업
42,여자,미네랄 메이크업
44,여자,미네랄 메이크업
42,여자,기타
27,여자,미네랄 메이크업
27,여자,미네랄 메이크업
27,여자,기타
27,여자,미네랄 메이크업
27,여자,미네랄 메이크업
27,여자,미네랄 메이크업
27,여자,미네랄 메이크업
26,여자,기타
26,여자,기타
26,여자,제주 그린티
26,여자,기타
26,여자,기타
25,여자,기타
25,여자,기타
25,여자,기타
25,여자,기타
25,여자,기타
25,여자,기타
25,여자,기타
25,여자,기타
25,여자,기타
25,여자,기타
34,여자,트루케어
21,남자,트루케어
21,남자,제주 그린티
42,여자,더 미니멈
42,여자,더 미니멈
42,여자,더 미니멈
42,여자,더 미니멈
42,여자,더 미니멈
42,여자,기타
42,여자,더 미니멈
50,남자,제주 그린티
37,여자,기타
37,여자,화이트 톤업
28,여자,트루케어
37,여자,기타
33,여자,돈워리
33,여자,올리브
33,여자,기타
33,여자,기타
33,여자,기타
33,여자,제주 알로에
47,남자,기타
47,남자,기타
47,남자,기타
47,남자,기타
41,여자,기타
41,여자,기타
41,여자,기타
41,여자,기타
30,남자,제주 그린티
30,남자,트루케어
30,여자,슈퍼푸드
61,여자,트루케어
61,여자,트루케어
61,여자,트루케어
24,여자,제주 조릿대
32,여자,슈퍼푸드
32,여자,슈퍼푸드
24,여자,제주 한란
29,여자,미네랄 메이크업
29,여자,미네랄 메이크업
29,여자,미네랄 메이크업
29,여자,미네랄 메이크업
29,여자,미네랄 메이크업
29,여자,미네랄 메이크업
24,여자,제주 비자
24,여자,제주 비자
32,여자,제주 비자
24,여자,제주 화산송이
24,여자,제주 화산송이
24,여자,제주 청보리
24,여자,기타
24,여자,기타
29,여자,기타
29,여자,기타
32,여자,기타
32,여자,기타
32,여자,기타
37,여자,기타
37,여자,기타
37,여자,기타
37,여자,기타
37,여자,기타
37,여자,기타
37,여자,기타
37,여자,기타
37,여자,기타
37,여자,기타
37,여자,기타
37,여자,기타
37,여자,기타
37,여자,기타
34,여자,기타
34,여자,기타
34,여자,기타
34,여자,기타
34,여자,기타
34,여자,애플 씨드
31,여자,제주 비자
31,여자,제주 발효콩
43,여자,트루케어
49,남자,기타
49,남자,기타
49,남자,미네랄 메이크업
49,남자,기타
49,남자,미네랄 메이크업
49,남자,기타
49,남자,기타
49,남자,기타
49,남자,미네랄 메이크업
49,남자,미네랄 메이크업
49,남자,미네랄 메이크업
49,남자,미네랄 메이크업
38,여자,슈퍼푸드
38,여자,기타
29,여자,기타
79,여자,미네랄 메이크업
79,여자,미네랄 메이크업
79,여자,미네랄 메이크업
79,여자,기타
79,여자,미네랄 메이크업
79,여자,미네랄 메이크업
79,여자,미네랄 메이크업
23,여자,기타
23,여자,기타
23,여자,기타
28,여자,돈워리
28,여자,제주 청보리
28,여자,제주 화산송이
28,여자,제주 화산송이
28,여자,애플 씨드
28,여자,제주 화산송이
28,여자,제주 그린티
28,여자,제주 화산송이
28,여자,제주 화산송이
28,여자,제주 화산송이
20,여자,마이 헤어 레시피
43,여자,트루케어
21,여자,기타
21,여자,기타
46,여자,제주 그린티
46,여자,기타
21,여자,기타
21,여자,기타
21,여자,기타
21,여자,기타
37,남자,포레스트
37,남자,포레스트
37,남자,기타
32,여자,제주 그린티
32,여자,제주 비자
32,여자,제주 비자
31,여자,포레스트
25,여자,기타
25,여자,기타
25,여자,기타
27,여자,기타
42,여자,올리브
27,여자,기타
27,여자,기타
27,여자,미네랄 메이크업
27,여자,미네랄 메이크업
27,여자,미네랄 메이크업
27,여자,미네랄 메이크업
27,여자,미네랄 메이크업
27,여자,미네랄 메이크업
27,여자,슈퍼푸드
40,여자,기타
40,여자,기타
40,여자,기타
40,여자,기타
40,여자,기타
40,여자,기타
40,여자,화이트 톤업
40,여자,기타
40,여자,기타
40,여자,기타
40,여자,기타
40,여자,기타
40,여자,화이트 톤업
40,여자,기타
17,여자,미네랄 메이크업
31,여자,기타
17,여자,미네랄 메이크업
17,여자,미네랄 메이크업
17,여자,기타
17,여자,미네랄 메이크업
17,여자,미네랄 메이크업
17,여자,미네랄 메이크업
23,여자,기타
23,여자,기타
23,여자,기타
35,여자,기타
33,여자,기타
33,여자,기타
33,여자,기타
33,여자,기타
35,여자,슈퍼푸드
23,여자,슈퍼푸드
33,여자,제주 한란
33,여자,제주 한란
23,여자,슈퍼푸드
22,여자,미네랄 메이크업
22,여자,미네랄 메이크업
22,여자,미네랄 메이크업
22,여자,미네랄 메이크업
22,여자,미네랄 메이크업
22,여자,미네랄 메이크업
44,여자,기타
44,여자,기타
44,여자,기타
44,여자,기타
22,여자,기타
22,여자,기타
22,여자,기타
26,여자,기타
22,여자,애플 씨드
26,여자,애플 씨드
22,여자,트루케어
24,여자,화이트닝 포어
24,여자,기타
24,여자,기타
24,여자,포레스트
24,여자,기타
24,여자,슈퍼푸드
24,여자,기타
35,여자,제주 그린티
35,여자,더 미니멈
35,여자,기타
28,여자,트루케어
35,여자,제주 한란
28,여자,트루케어
35,여자,트루케어
36,여자,트루케어
36,여자,기타
36,여자,기타
36,여자,기타
30,여자,올리브
30,여자,기타
30,여자,기타
30,여자,올리브
30,여자,슈퍼푸드
30,여자,트루케어
30,여자,올리브
30,여자,제주 그린티
41,여자,기타
41,여자,기타
41,여자,기타
41,여자,기타
41,여자,기타
41,여자,올리브
41,여자,기타
41,여자,기타
41,여자,기타
34,여자,트루케어
34,여자,트루케어
22,여자,기타
23,여자,올리브
23,여자,올리브
21,여자,기타
21,여자,기타
21,여자,기타
21,여자,기타
36,여자,기타
36,여자,마이 헤어 레시피
36,여자,트루케어
34,여자,기타
21,여자,기타
36,여자,기타
27,남자,포레스트
27,남자,기타
27,남자,올리브
34,남자,미네랄 메이크업
34,남자,미네랄 메이크업
34,남자,미네랄 메이크업
34,남자,미네랄 메이크업
34,남자,미네랄 메이크업
34,남자,미네랄 메이크업
44,남자,미네랄 메이크업
44,남자,미네랄 메이크업
44,남자,미네랄 메이크업
44,남자,미네랄 메이크업
44,남자,미네랄 메이크업
44,남자,미네랄 메이크업
16,여자,올리브
28,여자,제주 화산송이
28,여자,기타
28,여자,기타
28,여자,미네랄 메이크업
28,여자,미네랄 메이크업
28,여자,미네랄 메이크업
28,여자,미네랄 메이크업
28,여자,미네랄 메이크업
28,여자,미네랄 메이크업
22,남자,기타
34,여자,블랙 그린티
34,여자,올리브
34,여자,기타
34,여자,기타
34,여자,제주 용암해수
34,여자,기타
34,여자,기타
34,여자,기타
29,여자,기타
29,여자,기타
29,여자,기타
29,여자,기타
29,여자,기타
29,여자,기타
29,여자,기타
29,여자,기타
29,여자,기타
29,여자,기타
29,여자,기타
24,여자,트루케어
33,여자,슈퍼푸드
33,여자,슈퍼푸드
21,남자,트루케어
24,여자,트루케어
32,여자,기타
32,여자,기타
32,여자,기타
19,여자,기타
19,여자,기타
19,여자,기타
19,여자,기타
19,여자,기타
19,여자,기타
19,여자,화이트 톤업
19,여자,화이트 톤업
26,여자,제주 카멜리아
30,여자,기타
30,여자,기타
30,여자,기타
30,여자,슈퍼푸드
30,여자,슈퍼푸드
16,여자,미네랄 메이크업
16,여자,미네랄 메이크업
16,여자,미네랄 메이크업
16,여자,미네랄 메이크업
16,여자,기타
16,여자,미네랄 메이크업
16,여자,미네랄 메이크업
16,여자,기타
16,여자,기타
16,여자,기타
16,여자,기타
16,여자,기타
47,여자,미네랄 메이크업
47,여자,미네랄 메이크업
47,여자,미네랄 메이크업
47,여자,기타
47,여자,미네랄 메이크업
47,여자,미네랄 메이크업
47,여자,미네랄 메이크업
39,여자,기타
39,여자,기타
39,여자,올리브
30,여자,더 미니멈
30,여자,더 미니멈
30,여자,더 미니멈
30,여자,더 미니멈
30,여자,더 미니멈
30,여자,더 미니멈
39,여자,제주 한란
38,여자,제주 그린티
38,여자,기타
38,여자,기타
38,여자,기타
28,여자,기타
28,여자,기타
28,여자,마이 헤어 레시피
28,여자,미네랄 메이크업
28,여자,미네랄 메이크업
28,여자,미네랄 메이크업
28,여자,미네랄 메이크업
28,여자,미네랄 메이크업
28,여자,미네랄 메이크업
35,여자,기타
28,남자,제주 그린티
28,여자,기타
28,여자,기타
28,여자,기타
28,여자,기타
37,여자,트루케어
37,여자,기타
37,여자,애플 씨드
23,여자,미네랄 메이크업
23,여자,미네랄 메이크업
23,여자,미네랄 메이크업
23,여자,미네랄 메이크업
23,여자,미네랄 메이크업
23,여자,미네랄 메이크업
39,여자,포레스트
22,여자,미네랄 메이크업
20,여자,기타
22,여자,제주 화산송이
20,여자,제주 그린티
22,여자,기타
37,여자,기타
37,여자,포레스트
33,여자,기타
33,여자,슈퍼푸드
33,여자,기타
33,여자,기타
33,여자,기타
31,남자,미네랄 메이크업
31,남자,미네랄 메이크업
31,남자,미네랄 메이크업
31,남자,미네랄 메이크업
31,남자,미네랄 메이크업
31,남자,미네랄 메이크업
31,남자,슈퍼푸드
31,남자,슈퍼푸드
20,여자,기타
20,여자,기타
20,여자,기타
20,여자,기타
20,여자,기타
20,여자,기타
20,여자,기타
20,여자,기타
27,여자,기타
35,여자,기타
35,여자,제주 유채꿀
35,여자,기타
35,남자,포레스트
38,여자,제주 화산송이
40,여자,트루케어
38,여자,기타
30,여자,트루케어
32,여자,기타
32,여자,기타
32,여자,기타
32,여자,기타
32,여자,기타
32,여자,기타
32,여자,포레스트
32,남자,제주 비자
32,남자,제주 비자
32,남자,제주 비자
32,남자,기타
32,남자,기타
24,남자,제주 그린티
28,여자,기타
28,여자,기타
28,여자,기타
28,여자,기타
28,여자,기타
28,여자,기타
41,여자,기타
41,여자,기타
41,여자,기타
41,여자,기타
30,여자,기타
30,여자,제주 그린티
56,여자,올리브
19,여자,기타
19,여자,기타
19,여자,기타
19,여자,기타
19,여자,기타
19,여자,기타
35,남자,미네랄 메이크업
35,남자,미네랄 메이크업
35,남자,미네랄 메이크업
35,남자,미네랄 메이크업
35,남자,미네랄 메이크업
35,남자,미네랄 메이크업
23,여자,기타
25,남자,제주 그린티
25,남자,제주 그린티
31,여자,트루케어
31,여자,기타
31,여자,기타
34,여자,기타
34,여자,슈퍼푸드
34,여자,기타
35,여자,제주 발효콩
25,여자,제주 그린티
25,여자,올리브
43,여자,제주 화산송이
43,여자,기타
43,여자,제주 화산송이
32,남자,트루케어
31,남자,기타
31,남자,기타
31,남자,기타
31,남자,기타
31,남자,기타
31,남자,기타
47,남자,기타
47,남자,기타
47,남자,기타
47,남자,제주 그린티
47,남자,기타
47,남자,트루케어
45,여자,기타
45,여자,기타
45,여자,기타
45,여자,기타
45,여자,기타
43,여자,기타
43,여자,기타
43,여자,기타
43,여자,기타
43,여자,기타
43,여자,기타
43,여자,기타
33,여자,트루케어
28,여자,기타
28,여자,기타
28,여자,미네랄 메이크업
28,여자,미네랄 메이크업
28,여자,미네랄 메이크업
28,여자,미네랄 메이크업
28,여자,미네랄 메이크업
28,여자,미네랄 메이크업
30,여자,애플 씨드
42,여자,기타
20,여자,미네랄 메이크업
20,여자,미네랄 메이크업
20,여자,미네랄 메이크업
20,여자,미네랄 메이크업
20,여자,미네랄 메이크업
20,여자,미네랄 메이크업
20,여자,미네랄 메이크업
20,여자,미네랄 메이크업
20,여자,미네랄 메이크업
20,여자,미네랄 메이크업
20,여자,미네랄 메이크업
20,여자,미네랄 메이크업
23,여자,미네랄 메이크업
23,여자,미네랄 메이크업
23,여자,기타
23,여자,기타
29,여자,기타
29,여자,기타
29,여자,기타
23,여자,미네랄 메이크업
23,여자,미네랄 메이크업
23,여자,미네랄 메이크업
23,여자,미네랄 메이크업
21,여자,미네랄 메이크업
21,여자,기타
21,여자,기타
21,여자,기타
21,여자,미네랄 메이크업
21,여자,미네랄 메이크업
21,여자,미네랄 메이크업
21,여자,미네랄 메이크업
21,여자,기타
21,여자,기타
21,여자,기타
21,여자,미네랄 메이크업
29,여자,제주 화산송이
29,여자,기타
29,여자,기타
29,여자,기타
29,여자,기타
29,여자,기타
29,여자,기타
29,여자,기타
29,여자,기타
29,여자,기타
29,여자,기타
29,여자,기타
27,여자,트루케어
25,여자,슈퍼푸드
25,여자,제주 화산송이
25,여자,기타
36,여자,제주 그린티
36,여자,기타
36,여자,기타
40,여자,트루케어
33,여자,미네랄 메이크업
33,여자,미네랄 메이크업
33,여자,기타
33,여자,기타
33,여자,기타
33,여자,기타
33,여자,기타
33,여자,미네랄 메이크업
33,여자,미네랄 메이크업
33,여자,미네랄 메이크업
33,여자,미네랄 메이크업
33,여자,에코사이언스
33,여자,올리브
33,여자,올리브
33,여자,기타
33,여자,기타
33,여자,기타
33,여자,기타
33,여자,기타
33,여자,기타
33,여자,기타
33,여자,기타
29,여자,올리브
22,여자,슈퍼푸드
22,여자,제주 유채꿀
22,여자,제주 유채꿀
22,여자,기타
54,여자,기타
39,여자,기타
39,여자,기타
25,여자,슈퍼푸드
25,여자,슈퍼푸드
27,여자,올리브
27,여자,올리브
42,여자,기타
42,여자,기타
42,여자,기타
28,여자,기타
28,여자,제주 그린티
28,여자,기타
28,여자,기타
28,여자,기타
28,여자,기타
28,여자,기타
35,남자,기타
35,남자,기타
35,남자,기타
35,남자,기타
35,남자,기타
35,남자,기타
28,여자,기타
21,여자,제주 그린티
21,여자,기타
21,여자,기타
21,여자,기타
21,여자,기타
21,여자,기타
21,여자,기타
21,여자,기타
21,여자,기타
21,여자,기타
21,여자,기타
21,여자,기타
21,여자,기타
21,여자,기타
21,여자,기타
21,여자,기타
21,여자,기타
28,여자,기타
28,여자,트루케어
21,여자,제주 유채꿀
39,여자,트루케어
43,여자,슈퍼푸드
43,여자,슈퍼푸드
43,여자,슈퍼푸드
29,여자,올리브
29,여자,트루케어
18,여자,트루케어
35,여자,기타
35,여자,미네랄 메이크업
35,여자,기타
35,여자,기타
35,여자,기타
35,여자,기타
35,여자,기타
35,여자,기타
35,여자,기타
35,여자,기타
35,여자,기타
35,여자,미네랄 메이크업
35,여자,미네랄 메이크업
35,여자,미네랄 메이크업
35,여자,미네랄 메이크업
35,여자,미네랄 메이크업
35,여자,기타
33,여자,슈퍼푸드
33,여자,기타
42,여자,트루케어
25,여자,포레스트
19,여자,기타
39,여자,제주 그린티
39,여자,올리브
39,여자,트루케어
25,여자,미네랄 메이크업
25,여자,미네랄 메이크업
25,여자,미네랄 메이크업
25,여자,에코사이언스
25,여자,미네랄 메이크업
25,여자,미네랄 메이크업
25,여자,트루케어
25,여자,트루케어
25,여자,미네랄 메이크업
30,여자,돈워리
30,여자,기타
30,여자,제주 그린티
30,여자,제주 비자
30,여자,제주 탄산 미네랄
27,여자,기타
27,여자,슈퍼푸드
27,여자,제주 그린티
39,여자,제주 풋감
39,여자,제주 한란
22,여자,기타
22,여자,미네랄 메이크업
22,여자,미네랄 메이크업
22,여자,미네랄 메이크업
22,여자,미네랄 메이크업
22,여자,기타
22,여자,미네랄 메이크업
22,여자,기타
22,여자,기타
22,여자,기타
22,여자,미네랄 메이크업
22,여자,미네랄 메이크업
22,여자,기타
22,여자,미네랄 메이크업
22,여자,미네랄 메이크업
22,여자,미네랄 메이크업
22,여자,미네랄 메이크업
22,여자,미네랄 메이크업
22,여자,미네랄 메이크업
24,남자,포레스트
36,여자,텐저린
36,여자,기타
36,여자,제주 그린티
36,여자,기타
36,여자,기타
36,여자,기타
36,여자,기타
36,여자,기타
36,여자,트루케어
36,여자,기타
36,여자,기타
36,여자,기타
36,여자,기타
36,여자,기타
33,여자,기타
33,여자,기타
33,여자,기타
33,여자,기타
33,여자,기타
33,여자,트루케어
33,여자,기타
33,여자,기타
33,여자,기타
33,여자,기타
33,여자,기타
33,여자,기타
33,여자,기타
33,여자,기타
33,여자,기타
33,여자,기타
33,여자,기타
33,여자,기타
33,여자,기타
33,여자,기타
33,여자,기타
32,여자,트루케어
34,여자,미네랄 메이크업
34,여자,미네랄 메이크업
34,여자,미네랄 메이크업
34,여자,기타
34,여자,미네랄 메이크업
34,여자,미네랄 메이크업
34,여자,마이 헤어 레시피
34,여자,기타
34,여자,올리브
34,여자,제로헤어
34,여자,미네랄 메이크업
29,여자,기타
29,여자,슈퍼푸드
60,여자,미네랄 메이크업
60,여자,미네랄 메이크업
60,여자,미네랄 메이크업
60,여자,미네랄 메이크업
60,여자,미네랄 메이크업
60,여자,미네랄 메이크업
21,여자,트루케어
21,여자,제주 탄산 미네랄
21,여자,제주 탄산 미네랄
21,여자,기타
21,여자,기타
27,여자,슈퍼푸드
44,여자,제주 화산송이
44,여자,제주 화산송이
25,여자,미네랄 메이크업
25,여자,미네랄 메이크업
25,여자,미네랄 메이크업
25,여자,미네랄 메이크업
25,여자,미네랄 메이크업
25,여자,미네랄 메이크업
25,여자,기타
35,여자,트루케어
35,여자,기타
35,여자,기타
35,여자,슈퍼푸드
35,여자,기타
25,여자,미네랄 메이크업
25,여자,미네랄 메이크업
25,여자,트루케어
25,여자,기타
25,여자,미네랄 메이크업
25,여자,미네랄 메이크업
25,여자,미네랄 메이크업
25,여자,미네랄 메이크업
25,여자,기타
32,여자,기타
32,여자,기타
32,여자,트루케어
35,여자,기타
35,여자,기타
35,여자,기타
35,여자,기타
35,여자,기타
35,여자,기타
35,여자,기타
35,여자,제주 알로에
28,여자,제주 용암해수
25,여자,미네랄 메이크업
25,여자,미네랄 메이크업
25,여자,미네랄 메이크업
25,여자,미네랄 메이크업
25,여자,미네랄 메이크업
25,여자,미네랄 메이크업
18,여자,기타
18,여자,기타
18,여자,기타
19,여자,기타
19,여자,기타
19,여자,기타
23,여자,트루케어
20,여자,트루케어
20,여자,올리브
37,여자,제주 카멜리아
37,여자,제주 발효콩
37,여자,기타
54,여자,기타
54,여자,슈퍼푸드
54,여자,기타
54,여자,기타
54,여자,기타
54,여자,기타
54,여자,기타
54,여자,기타
54,여자,기타
54,여자,기타
52,여자,기타
34,여자,제주 그린티
34,여자,제주 발효콩
40,여자,기타
40,여자,기타
40,여자,기타
40,여자,기타
40,여자,기타
40,여자,기타
40,여자,기타
40,여자,기타
40,여자,블랙 그린티
50,여자,제주 유채꿀
50,여자,제주 한란
50,여자,제주 조릿대
22,여자,기타
22,여자,기타
22,여자,기타
22,여자,기타
22,여자,기타
22,여자,기타
41,여자,기타
41,여자,기타
41,여자,올리브
41,여자,기타
41,여자,기타
41,여자,기타
41,여자,기타
41,여자,기타
39,여자,기타
39,여자,기타
39,여자,기타
39,여자,기타
39,여자,기타
39,여자,기타
39,여자,기타
39,여자,기타
39,여자,기타
39,여자,기타
39,여자,기타
39,여자,기타
39,여자,기타
39,여자,기타
39,여자,기타
30,여자,트루케어
30,여자,더 미니멈
23,여자,제주 한란
23,여자,제주 한란
29,여자,기타
29,여자,기타
29,여자,기타
29,여자,기타
37,여자,올리브
37,여자,올리브
33,여자,트루케어
43,여자,트루케어
43,여자,슈퍼푸드
17,여자,기타
17,여자,기타
17,여자,기타
17,여자,기타
17,여자,기타
17,여자,기타
27,여자,트루케어
45,여자,기타
45,여자,기타
45,여자,기타
45,여자,기타
45,여자,기타
45,여자,기타
45,여자,기타
45,여자,기타
28,여자,제주 그린티
31,남자,포레스트
31,남자,포레스트
31,남자,포레스트
27,남자,트루케어
31,여자,기타
31,여자,올리브
31,여자,기타
31,여자,트루케어
41,여자,화이트닝 포어
32,여자,슈퍼푸드
32,여자,슈퍼푸드
32,여자,슈퍼푸드
35,여자,기타
35,여자,기타
35,여자,기타
35,여자,기타
35,여자,기타
35,여자,기타
24,여자,트루케어
31,여자,애플 씨드
29,여자,제주 알로에
31,여자,기타
31,여자,에코사이언스
29,여자,제주 용암해수
32,여자,올리브
17,여자,기타
32,여자,기타
32,여자,기타
17,여자,제주 화산송이
32,여자,블랙 그린티
31,여자,애플 씨드
26,남자,제주 그린티
44,여자,기타
44,여자,기타
31,여자,슈퍼푸드
31,여자,기타
31,여자,트루케어
31,여자,마이 헤어 레시피
32,여자,기타
32,여자,기타
32,여자,기타
32,여자,기타
32,여자,기타
32,여자,기타
32,여자,기타
32,여자,기타
32,여자,기타
32,여자,기타
32,여자,제주 풋감
32,여자,제주 비자
37,여자,기타
37,여자,기타
31,여자,더 미니멈
31,여자,더 미니멈
31,여자,더 미니멈
31,여자,기타
31,여자,더 미니멈
31,여자,더 미니멈
31,여자,더 미니멈
33,여자,기타
27,여자,트루케어
44,여자,올리브
48,여자,퍼펙트 9리페어
48,여자,기타
48,여자,기타
48,여자,미네랄 메이크업
26,여자,제주 화산송이
26,여자,기타
26,여자,기타
26,여자,돈워리
26,여자,기타
26,여자,기타
26,여자,기타
26,여자,기타
26,여자,기타
46,남자,미네랄 메이크업
46,남자,기타
46,남자,미네랄 메이크업
46,남자,기타
46,남자,기타
46,남자,기타
46,남자,미네랄 메이크업
46,남자,미네랄 메이크업
46,남자,미네랄 메이크업
46,남자,미네랄 메이크업
46,남자,기타
46,남자,기타
46,남자,기타
29,여자,기타
29,여자,기타
29,여자,제주 비자
29,여자,제주 그린티
28,여자,슈퍼푸드
28,여자,슈퍼푸드
28,여자,슈퍼푸드
39,여자,제주 비자
35,여자,기타
35,여자,기타
35,여자,기타
35,여자,올리브
35,여자,제주 화산송이
38,여자,기타
38,여자,미네랄 메이크업
38,여자,기타
41,여자,슈퍼푸드
41,여자,화이트 톤업
39,여자,기타
21,여자,기타
21,여자,슈퍼푸드
44,여자,슈퍼푸드
44,여자,슈퍼푸드
44,여자,올리브
33,남자,기타
33,남자,제주 그린티
33,남자,제주 그린티
37,남자,제주 그린티
37,여자,기타
37,여자,기타
22,여자,트루케어
33,여자,제주 비자
36,여자,기타
36,여자,기타
36,여자,기타
36,여자,기타
36,여자,기타
36,여자,슈퍼푸드
25,여자,포레스트
47,여자,제주 카멜리아
26,여자,트루케어
25,여자,제주 그린티
25,남자,꽃송이버섯
33,여자,슈퍼푸드
33,여자,기타
26,여자,트루케어
26,여자,트루케어
26,여자,트루케어
26,여자,트루케어
26,여자,트루케어
34,여자,기타
25,여자,슈퍼푸드
25,여자,올리브
34,여자,슈퍼푸드
34,여자,슈퍼푸드
34,여자,슈퍼푸드
34,여자,퍼펙트 9리페어
34,여자,기타
34,여자,기타
21,여자,기타
30,여자,제주 용암해수
30,여자,제주 용암해수
30,여자,제주 용암해수
30,여자,올리브
30,여자,제주 용암해수
27,여자,트루케어
20,여자,기타
20,여자,기타
33,여자,슈퍼푸드
36,여자,기타
36,여자,기타
36,여자,기타
38,여자,기타
38,여자,기타
38,여자,기타
38,여자,제주 용암해수
38,여자,트루케어
38,여자,기타
38,여자,기타
32,여자,기타
27,여자,기타
27,여자,기타
27,여자,기타
40,여자,기타
40,여자,기타
40,여자,슈퍼푸드
26,여자,기타
26,여자,기타
26,여자,기타
26,여자,기타
26,여자,기타
26,여자,기타
26,여자,기타
26,여자,기타
42,여자,미네랄 메이크업
42,여자,미네랄 메이크업
42,여자,미네랄 메이크업
42,여자,미네랄 메이크업
42,여자,미네랄 메이크업
42,여자,미네랄 메이크업
25,여자,기타
25,여자,기타
25,여자,기타
25,여자,기타
25,여자,기타
25,여자,기타
25,여자,기타
25,여자,기타
25,여자,기타
25,여자,기타
25,여자,기타
25,여자,기타
25,여자,기타
25,여자,기타
25,여자,기타
25,여자,기타
25,여자,기타
25,여자,기타
25,여자,제주 알로에
25,여자,슈퍼푸드
25,여자,슈퍼푸드
25,여자,기타
25,여자,기타
25,여자,기타
25,여자,기타
25,여자,기타
25,여자,기타
25,여자,기타
32,여자,올리브
32,남자,제주 비자
22,여자,슈퍼푸드
21,여자,기타
21,여자,제주 화산송이
21,여자,제주 화산송이
21,여자,기타
31,남자,올리브
31,남자,올리브
31,남자,올리브
35,여자,애플 씨드
35,여자,슈퍼푸드
35,여자,기타
35,여자,제주 화산송이
30,여자,더 미니멈
30,여자,더 미니멈
30,여자,더 미니멈
30,여자,더 미니멈
30,여자,더 미니멈
30,여자,더 미니멈
36,여자,기타
36,여자,기타
35,여자,슈퍼푸드
24,여자,기타
31,여자,올리브
24,여자,기타
18,여자,기타
18,여자,슈퍼푸드
35,여자,제주 화산송이
35,여자,제주 화산송이
35,여자,올리브
35,여자,올리브
35,여자,트루케어
35,여자,제주 그린티
25,여자,트루케어
37,여자,올리브
37,여자,기타
26,여자,제주 용암해수
26,여자,제주 용암해수
23,여자,트루케어
23,여자,기타
23,여자,기타
23,여자,기타
23,여자,기타
23,여자,기타
23,여자,기타
37,여자,슈퍼푸드
27,여자,트루케어
33,여자,기타
33,여자,제주 발효콩
33,여자,포레스트
35,여자,기타
35,여자,제주 풋감
27,여자,기타
57,여자,트루케어
35,여자,기타
35,여자,제주 탄산 미네랄
35,여자,기타
35,여자,슈퍼푸드
33,여자,기타
33,여자,기타
29,남자,포레스트
27,남자,제주 그린티
27,남자,제주 그린티
18,여자,트루케어
21,여자,기타
21,여자,기타
21,여자,기타
21,여자,기타
21,여자,기타
21,여자,기타
27,남자,제주 그린티
27,남자,제주 화산송이
35,여자,기타
24,여자,미네랄 메이크업
24,여자,미네랄 메이크업
24,여자,미네랄 메이크업
24,여자,미네랄 메이크업
24,여자,미네랄 메이크업
24,여자,미네랄 메이크업
24,여자,기타
24,여자,기타
24,여자,기타
24,여자,기타
24,여자,기타
24,여자,기타
32,여자,기타
32,여자,기타
32,여자,기타
32,여자,기타
32,여자,기타
32,여자,기타
32,여자,기타
32,여자,포레스트
32,여자,올리브
27,여자,제주 비자
27,여자,제주 비자
27,여자,제주 비자
28,여자,제주 발효콩
32,여자,제주 화산송이
32,여자,제주 카멜리아
28,여자,돈워리
31,여자,슈퍼푸드
32,여자,제주 그린티
27,여자,제주 그린티
27,여자,제주 그린티
27,여자,제주 그린티
27,여자,제주 그린티
28,여자,제주 그린티
27,여자,기타
27,여자,기타
27,여자,기타
28,여자,기타
27,여자,기타
27,여자,기타
38,여자,제주 그린티
38,여자,마이 헤어 레시피
26,남자,트루케어
21,남자,슈퍼푸드
21,남자,슈퍼푸드
21,남자,더 미니멈
27,여자,올리브
24,남자,기타
24,남자,기타
24,남자,기타
24,남자,기타
24,남자,기타
24,남자,기타
21,여자,올리브
21,여자,트루케어
33,남자,포레스트
33,남자,포레스트
29,여자,기타
29,여자,기타
29,여자,기타
29,여자,기타
29,여자,기타
29,여자,기타
34,남자,기타
34,남자,제로헤어
34,남자,기타
34,남자,기타
26,여자,기타
26,여자,기타
31,여자,제주 비자
31,여자,제주 발효콩
31,여자,제주 화산송이
31,여자,제주 알로에
31,여자,제주 화산송이
31,여자,기타
31,여자,기타
35,여자,기타
35,여자,돈워리
35,여자,기타
35,여자,기타
35,여자,기타
35,여자,기타
35,여자,기타
22,여자,기타
22,여자,기타
22,여자,기타
22,여자,기타
22,여자,기타
21,여자,기타
22,여자,기타
1597,여자,기타
26,여자,슈퍼푸드
33,여자,제주 화산송이
33,여자,제주 화산송이
27,여자,기타
27,여자,슈퍼푸드
27,여자,기타
27,여자,제주 화산송이
27,여자,트루케어
26,여자,트루케어
47,여자,슈퍼푸드
51,여자,트루케어
29,여자,미네랄 메이크업
29,여자,미네랄 메이크업
29,여자,미네랄 메이크업
29,여자,미네랄 메이크업
29,여자,미네랄 메이크업
29,여자,미네랄 메이크업
30,남자,제주 용암해수
30,남자,올리브
30,남자,제주 화산송이
18,여자,기타
18,여자,기타
18,여자,기타
43,여자,트루케어
23,여자,애플 씨드
23,여자,기타
23,여자,올리브
41,여자,기타
41,여자,제주 그린티
23,여자,기타
23,여자,기타
23,여자,기타
23,여자,기타
23,여자,기타
23,여자,기타
23,여자,기타
23,여자,기타
23,여자,기타
43,여자,기타
43,여자,포레스트
43,여자,애플 씨드
23,여자,제주 한란
23,여자,기타
36,여자,제주 그린티
36,여자,기타
20,여자,트루케어
17,여자,제주 그린티
17,여자,올리브
24,여자,기타
24,여자,기타
24,여자,기타
24,여자,기타
42,여자,기타
42,여자,기타
42,여자,기타
42,여자,기타
42,여자,기타
42,여자,기타
42,여자,기타
25,여자,기타
25,여자,기타
25,여자,기타
27,여자,미네랄 메이크업
27,여자,미네랄 메이크업
27,여자,미네랄 메이크업
27,여자,미네랄 메이크업
27,여자,제주 비자
27,여자,미네랄 메이크업
27,여자,미네랄 메이크업
45,여자,미네랄 메이크업
45,여자,미네랄 메이크업
45,여자,미네랄 메이크업
45,여자,미네랄 메이크업
45,여자,미네랄 메이크업
45,여자,기타
45,여자,미네랄 메이크업
45,여자,기타
32,여자,기타
32,여자,기타
32,여자,기타
32,여자,기타
32,여자,기타
32,여자,포레스트
31,여자,제주 화산송이
31,여자,기타
31,여자,기타
26,여자,미네랄 메이크업
26,여자,미네랄 메이크업
26,여자,미네랄 메이크업
26,여자,미네랄 메이크업
26,여자,미네랄 메이크업
26,여자,미네랄 메이크업
26,여자,트루케어
26,여자,기타
26,여자,기타
26,여자,기타
31,여자,애플 씨드
29,남자,트루케어
28,여자,기타
28,여자,기타
28,여자,제주 비자
28,여자,기타
28,여자,기타
28,여자,기타
28,여자,기타
30,남자,미네랄 메이크업
30,남자,미네랄 메이크업
30,남자,미네랄 메이크업
30,남자,미네랄 메이크업
30,남자,미네랄 메이크업
30,남자,미네랄 메이크업
41,여자,기타
41,여자,기타
41,여자,기타
41,여자,기타
41,여자,기타
41,여자,슈퍼푸드
41,여자,기타
41,여자,기타
41,여자,기타
41,여자,기타
41,여자,기타
41,여자,기타
41,여자,기타
41,여자,기타
41,여자,트루케어
41,여자,돈워리
41,여자,기타
41,여자,기타
41,여자,기타
26,여자,제주 한란
26,여자,제주 한란
33,여자,트루케어
33,여자,트루케어
26,여자,기타
26,여자,기타
26,여자,기타
26,여자,기타
43,여자,애플 씨드
43,여자,트루케어
26,여자,슈퍼푸드
21,여자,트루케어
27,여자,트루케어
36,남자,기타
36,남자,기타
36,남자,기타
46,남자,미네랄 메이크업
46,남자,미네랄 메이크업
46,남자,미네랄 메이크업
46,남자,미네랄 메이크업
46,남자,미네랄 메이크업
46,남자,미네랄 메이크업
46,남자,기타
46,남자,기타
46,남자,기타
46,남자,기타
46,남자,기타
46,남자,기타
31,여자,올리브
31,여자,기타
32,여자,기타
32,여자,기타
32,여자,기타
32,여자,제주 화산송이
32,여자,기타
32,여자,기타
32,여자,트루케어
32,여자,애플 씨드
32,여자,트루케어
23,여자,트루케어
23,여자,제주 그린티
36,여자,기타
36,여자,기타
36,여자,기타
36,여자,기타
36,여자,기타
36,여자,텐저린
36,여자,기타
36,여자,기타
36,여자,기타
36,여자,기타
36,여자,돈워리
26,여자,제주 용암해수
26,여자,제주 용암해수
26,여자,제주 용암해수
26,여자,포레스트
26,여자,제주 비자
26,여자,제주 화산송이
26,여자,제주 화산송이
26,여자,제주 화산송이
39,여자,트루케어
39,여자,미네랄 메이크업
39,여자,미네랄 메이크업
39,여자,미네랄 메이크업
39,여자,미네랄 메이크업
39,여자,미네랄 메이크업
39,여자,미네랄 메이크업
33,여자,기타
33,여자,제주 용암해수
33,여자,제주 그린티
33,여자,제주 그린티
33,여자,제주 그린티
33,여자,제주 발효콩
33,여자,기타
28,남자,기타
28,남자,포레스트
28,남자,제주 발효콩
20,남자,제주 알로에
20,남자,기타
26,여자,제주 발효콩
34,여자,트루케어
32,여자,트루케어
25,여자,기타
32,여자,기타
32,여자,슈퍼푸드
29,여자,트루케어
39,여자,기타
39,여자,기타
39,여자,제주 풋감
39,여자,슈퍼푸드
39,여자,기타
39,여자,기타
39,여자,기타
39,여자,기타
35,여자,슈퍼푸드
30,남자,슈퍼푸드
34,여자,기타
28,여자,슈퍼푸드
20,여자,기타
20,여자,기타
20,여자,제주 비자
20,여자,제주 비자
20,여자,제주 비자
20,여자,슈퍼푸드
24,여자,기타
25,여자,기타
25,여자,기타
25,여자,올리브
25,여자,제주 유채꿀
25,여자,기타
31,여자,기타
31,여자,기타
31,여자,기타
31,여자,기타
31,여자,기타
31,여자,기타
31,여자,기타
31,여자,기타
33,여자,제주 용암해수
33,여자,제주 용암해수
33,여자,제주 용암해수
33,여자,제주 용암해수
31,여자,기타
22,여자,기타
22,여자,기타
22,여자,기타
22,여자,기타
22,여자,기타
44,여자,미네랄 메이크업
44,여자,미네랄 메이크업
44,여자,미네랄 메이크업
44,여자,미네랄 메이크업
44,여자,미네랄 메이크업
27,여자,트루케어
44,여자,미네랄 메이크업
44,여자,트루케어
34,여자,트루케어
34,여자,기타
34,여자,기타
1502,남자,기타
1502,남자,기타
1502,남자,기타
1502,남자,기타
1502,남자,기타
1502,남자,기타
36,여자,트루케어
36,여자,기타
36,여자,기타
36,여자,기타
38,여자,에코사이언스
38,여자,기타
38,여자,제주 그린티
38,여자,슈퍼푸드
38,여자,기타
38,여자,기타
38,여자,기타
38,여자,기타
38,여자,기타
38,여자,기타
23,여자,미네랄 메이크업
23,여자,미네랄 메이크업
23,여자,미네랄 메이크업
23,여자,미네랄 메이크업
23,여자,미네랄 메이크업
23,여자,미네랄 메이크업
24,여자,미네랄 메이크업
24,여자,미네랄 메이크업
24,여자,미네랄 메이크업
24,여자,미네랄 메이크업
24,여자,미네랄 메이크업
24,여자,미네랄 메이크업
23,여자,슈퍼푸드
23,여자,기타
23,여자,기타
33,여자,트루케어
30,남자,제주 화산송이
30,남자,마이 헤어 레시피
30,남자,포레스트
30,남자,포레스트
42,여자,슈퍼푸드
42,여자,제주 비자
29,여자,기타
29,여자,기타
29,여자,기타
29,여자,기타
29,여자,기타
29,여자,기타
29,여자,기타
29,여자,기타
29,여자,기타
32,여자,올리브
32,여자,포레스트
32,여자,제주 그린티
32,여자,제주 그린티
26,여자,트루케어
37,여자,미네랄 메이크업
37,여자,미네랄 메이크업
37,여자,미네랄 메이크업
37,여자,미네랄 메이크업
37,여자,미네랄 메이크업
37,여자,미네랄 메이크업
37,여자,기타
37,여자,기타
37,여자,기타
37,여자,기타
37,여자,기타
37,여자,기타
41,여자,슈퍼푸드
41,여자,기타
41,여자,슈퍼푸드
41,여자,제주 비자
29,여자,슈퍼푸드
29,여자,기타
29,여자,슈퍼푸드
23,여자,기타
23,여자,기타
20,여자,기타
20,여자,기타
20,여자,기타
20,여자,제주 그린티
20,여자,기타
20,여자,기타
20,여자,기타
24,여자,기타
20,여자,기타
23,여자,제주 화산송이
23,여자,슈퍼푸드
23,여자,제주 그린티
33,남자,제로헤어
33,남자,기타
33,남자,기타
33,남자,기타
33,남자,기타
33,남자,제주 그린티
34,여자,기타
26,여자,기타
26,여자,슈퍼푸드
41,여자,기타
41,여자,기타
41,여자,제주 그린티
41,여자,제주 발효콩
27,여자,기타
30,여자,기타
26,여자,제주 그린티
26,여자,제주 발효콩
18,여자,미네랄 메이크업
18,여자,미네랄 메이크업
18,여자,미네랄 메이크업
18,여자,기타
18,여자,미네랄 메이크업
18,여자,미네랄 메이크업
18,여자,기타
18,여자,기타
18,여자,미네랄 메이크업
32,여자,기타
27,여자,기타
27,여자,기타
27,여자,기타
27,여자,기타
27,여자,기타
27,여자,기타
27,여자,기타
27,여자,기타
27,여자,기타
27,여자,기타
27,여자,기타
35,여자,기타
35,여자,기타
35,여자,기타
35,여자,기타
35,여자,기타
35,여자,트루케어
35,여자,기타
35,여자,기타
19,여자,미네랄 메이크업
19,여자,미네랄 메이크업
19,여자,미네랄 메이크업
19,여자,미네랄 메이크업
19,여자,미네랄 메이크업
19,여자,미네랄 메이크업
37,여자,기타
29,여자,와 인
29,여자,제주 비자
29,여자,제주 그린티
29,여자,제주 청보리
29,여자,기타
29,여자,기타
29,여자,기타
29,여자,기타
29,여자,기타
23,여자,미네랄 메이크업
23,여자,미네랄 메이크업
23,여자,미네랄 메이크업
23,여자,미네랄 메이크업
23,여자,미네랄 메이크업
23,여자,미네랄 메이크업
30,여자,기타
30,여자,기타
30,여자,기타
31,남자,제주 그린티
36,여자,기타
35,여자,제주 그린티
35,여자,에코사이언스
35,여자,기타
36,여자,기타
36,여자,기타
36,여자,기타
36,여자,기타
25,여자,기타
32,여자,슈퍼푸드
25,여자,기타
32,여자,기타
20,여자,제주 화산송이
20,남자,기타
20,남자,기타
20,남자,기타
20,남자,기타
20,여자,기타
20,남자,기타
20,남자,기타
20,여자,기타
20,여자,기타
45,남자,포레스트
31,남자,기타
31,남자,기타
30,여자,더 미니멈
30,여자,슈퍼푸드
30,여자,제주 그린티
30,여자,기타
30,여자,기타
30,여자,기타
47,여자,기타
49,여자,기타
49,여자,기타
24,여자,제주 한란
27,여자,트루케어
39,여자,더 미니멈
39,여자,더 미니멈
39,여자,더 미니멈
39,여자,더 미니멈
39,여자,더 미니멈
39,여자,더 미니멈
34,여자,트루케어
41,남자,기타
24,여자,올리브
17,여자,미네랄 메이크업
17,여자,미네랄 메이크업
17,여자,미네랄 메이크업
17,여자,미네랄 메이크업
17,여자,미네랄 메이크업
17,여자,미네랄 메이크업
17,여자,기타
17,여자,기타
41,여자,제주 그린티
32,여자,트루케어
47,여자,제주 비자
31,여자,슈퍼푸드
31,여자,슈퍼푸드
32,여자,올리브
17,여자,기타
17,여자,기타
17,여자,미네랄 메이크업
17,여자,미네랄 메이크업
17,여자,미네랄 메이크업
17,여자,미네랄 메이크업
17,여자,미네랄 메이크업
17,여자,기타
17,여자,미네랄 메이크업
30,여자,올리브
30,여자,기타
30,여자,슈퍼푸드
30,여자,기타
29,여자,미네랄 메이크업
29,여자,미네랄 메이크업
29,여자,미네랄 메이크업
29,여자,미네랄 메이크업
29,여자,기타
29,여자,기타
29,여자,기타
29,여자,기타
29,여자,기타
29,여자,미네랄 메이크업
29,여자,미네랄 메이크업
29,여자,기타
23,여자,기타
23,여자,기타
23,여자,기타
23,여자,기타
23,여자,기타
23,여자,기타
23,여자,기타
31,여자,기타
31,여자,기타
32,여자,기타
18,여자,기타
30,남자,기타
30,남자,기타
30,남자,기타
30,남자,기타
30,남자,기타
30,남자,기타
30,남자,기타
30,남자,올리브
30,남자,기타
34,여자,기타
34,여자,기타
34,여자,기타
34,여자,기타
34,여자,기타
34,여자,기타
34,여자,기타
35,여자,제주 화산송이
35,여자,제주 그린티
35,여자,기타
35,여자,기타
35,여자,제주 한란
43,여자,트루케어
37,여자,에코사이언스
37,여자,기타
37,여자,기타
37,여자,기타
36,여자,기타
36,여자,기타
36,여자,트루케어
35,여자,슈퍼푸드
36,여자,제주 화산송이
36,여자,기타
36,여자,제주 용암해수
36,여자,제주 용암해수
36,여자,제주 용암해수
36,여자,미네랄 메이크업
36,여자,미네랄 메이크업
36,여자,미네랄 메이크업
36,여자,미네랄 메이크업
36,여자,미네랄 메이크업
36,여자,미네랄 메이크업
86,여자,미네랄 메이크업
86,여자,미네랄 메이크업
86,여자,미네랄 메이크업
86,여자,미네랄 메이크업
86,여자,미네랄 메이크업
86,여자,미네랄 메이크업
25,남자,제주 발효콩
25,남자,올리브
25,남자,올리브
25,남자,트루케어
25,남자,기타
25,남자,기타
46,여자,트루케어
24,남자,기타
24,남자,기타
24,남자,기타
24,남자,기타
24,남자,기타
24,남자,기타
38,남자,기타
38,남자,미네랄 메이크업
38,남자,미네랄 메이크업
38,남자,미네랄 메이크업
38,남자,미네랄 메이크업
38,남자,미네랄 메이크업
38,남자,미네랄 메이크업
38,남자,기타
24,여자,제주 발효콩
24,여자,제주 비자
24,여자,제주 화산송이
28,남자,제주 화산송이
30,남자,제주 한란
30,남자,포레스트
48,여자,기타
48,여자,기타
48,여자,기타
48,여자,기타
48,여자,기타
48,여자,기타
48,여자,기타
22,여자,기타
22,여자,기타
22,여자,기타
22,여자,기타
22,여자,기타
22,여자,기타
22,여자,기타
26,여자,기타
26,여자,기타
26,여자,기타
25,여자,기타
25,여자,슈퍼푸드
25,여자,기타
25,여자,기타
25,여자,기타
26,여자,제주 비자
24,여자,제주 비자
27,여자,제주 카멜리아
27,여자,기타
27,여자,기타
27,여자,기타
27,여자,기타
27,여자,기타
27,여자,기타
31,여자,기타
31,여자,기타
27,여자,기타
27,여자,트루케어
34,여자,기타
34,여자,더 미니멈
34,여자,미네랄 메이크업
34,여자,미네랄 메이크업
34,여자,미네랄 메이크업
34,여자,더 미니멈
34,여자,더 미니멈
34,여자,더 미니멈
34,여자,더 미니멈
34,여자,더 미니멈
34,여자,기타
34,여자,미네랄 메이크업
34,여자,미네랄 메이크업
34,여자,미네랄 메이크업
37,여자,기타
42,남자,기타
42,남자,기타
42,남자,기타
42,남자,기타
42,남자,기타
42,남자,기타
23,여자,미네랄 메이크업
23,여자,기타
23,여자,미네랄 메이크업
23,여자,미네랄 메이크업
23,여자,미네랄 메이크업
23,여자,미네랄 메이크업
23,여자,기타
23,여자,기타
23,여자,기타
23,여자,트루케어
23,여자,미네랄 메이크업
30,여자,제주 비자
30,여자,트루케어
30,여자,제주 비자
29,남자,트루케어
37,여자,기타
25,남자,포레스트
25,남자,포레스트
25,남자,포레스트
39,여자,제주 청보리
39,여자,기타
39,여자,미네랄 메이크업
39,여자,기타
39,여자,애플 씨드
43,여자,슈퍼푸드
43,여자,슈퍼푸드
43,여자,기타
23,여자,제주 그린티
31,여자,미네랄 메이크업
31,여자,미네랄 메이크업
31,여자,미네랄 메이크업
31,여자,미네랄 메이크업
31,여자,미네랄 메이크업
31,여자,미네랄 메이크업
24,남자,기타
29,여자,제주 화산송이
29,여자,트루케어
29,여자,기타
29,여자,기타
29,여자,기타
38,여자,기타
38,여자,제주 유채꿀
37,여자,기타
37,여자,트루케어
37,여자,기타
37,여자,기타
37,여자,기타
37,여자,기타
37,여자,기타
37,여자,기타
37,여자,기타
37,여자,기타
37,여자,기타
37,여자,기타
37,여자,기타
37,여자,트루케어
37,여자,기타
32,여자,트루케어
32,여자,기타
32,여자,기타
32,여자,기타
32,여자,기타
32,여자,기타
32,여자,기타
32,여자,슈퍼푸드
25,여자,기타
16,여자,제주 비자
16,여자,제주 비자
33,여자,기타
33,여자,제주 그린티
33,여자,기타
33,여자,기타
33,여자,제주 화산송이
33,여자,기타
33,여자,기타
33,여자,애플 씨드
27,여자,제주 유채꿀
40,여자,제주 한란
30,여자,슈퍼푸드
30,여자,트루케어
27,여자,기타
27,여자,기타
27,여자,기타
27,여자,슈퍼푸드
29,남자,트루케어
36,여자,기타
36,여자,기타
25,여자,제주 비자
25,여자,제주 비자
27,여자,포레스트
27,여자,기타
27,여자,포레스트
33,여자,더 미니멈
33,여자,더 미니멈
33,여자,더 미니멈
33,여자,더 미니멈
33,여자,더 미니멈
33,여자,더 미니멈
32,여자,기타
32,여자,미네랄 메이크업
32,여자,미네랄 메이크업
32,여자,미네랄 메이크업
32,여자,미네랄 메이크업
32,여자,미네랄 메이크업
32,여자,미네랄 메이크업
41,여자,애플 씨드
41,여자,기타
41,여자,올리브
28,여자,기타
22,여자,기타
22,여자,기타
22,여자,기타
29,여자,미네랄 메이크업
29,여자,미네랄 메이크업
29,여자,기타
29,여자,미네랄 메이크업
29,여자,미네랄 메이크업
29,여자,미네랄 메이크업
29,여자,미네랄 메이크업
34,여자,기타
34,여자,기타
34,여자,기타
34,여자,기타
34,여자,기타
34,여자,기타
42,남자,제주 그린티
22,남자,미네랄 메이크업
22,남자,미네랄 메이크업
22,남자,미네랄 메이크업
22,남자,미네랄 메이크업
22,남자,미네랄 메이크업
22,남자,미네랄 메이크업
27,여자,제주 그린티
29,여자,제주 그린티
29,여자,제주 그린티
29,여자,제주 그린티
26,여자,애플 씨드
26,여자,미네랄 메이크업
19,여자,기타
19,여자,기타
19,여자,제주 카멜리아
24,여자,미네랄 메이크업
24,여자,미네랄 메이크업
24,여자,미네랄 메이크업
24,여자,미네랄 메이크업
24,여자,미네랄 메이크업
24,여자,미네랄 메이크업
24,여자,기타
24,여자,기타
24,여자,기타
24,여자,기타
24,여자,기타
36,여자,기타
36,여자,기타
22,여자,기타
22,여자,기타
30,여자,올리브
53,여자,슈퍼푸드
53,여자,올리브
38,여자,기타
38,여자,기타
38,여자,기타
38,여자,기타
38,여자,기타
38,여자,기타
41,여자,포레스트
41,여자,제주 알로에
28,여자,올리브
28,여자,포레스트
28,여자,포레스트
28,여자,기타
30,여자,트루케어
39,남자,슈퍼푸드
39,남자,제주 그린티
39,남자,제주 그린티
39,남자,기타
39,남자,올리브
48,여자,올리브
32,여자,트루케어
32,여자,슈퍼푸드
32,여자,제주 발효콩
32,여자,기타
32,여자,기타
37,여자,기타
37,여자,미네랄 메이크업
37,여자,미네랄 메이크업
37,여자,미네랄 메이크업
37,여자,미네랄 메이크업
37,여자,미네랄 메이크업
37,여자,미네랄 메이크업
34,여자,트루케어
24,여자,제주 비자
29,남자,기타
29,남자,기타
29,남자,기타
29,남자,트루케어
29,남자,기타
29,남자,기타
29,남자,기타
29,남자,기타
27,여자,슈퍼푸드
27,여자,제주 유채꿀
27,여자,기타
27,여자,기타
1012,여자,기타
1012,여자,기타
1012,여자,기타
1012,여자,기타
1012,여자,기타
1012,여자,기타
26,여자,블랙 그린티
26,여자,기타
26,여자,트루케어
37,여자,올리브
37,여자,기타
26,여자,기타
26,여자,기타
26,여자,제주 비자
26,여자,에코사이언스
26,여자,에코사이언스
37,여자,제주 그린티
37,여자,기타
23,남자,제주 화산송이
23,남자,제주 그린티
23,남자,제주 그린티
23,남자,제주 비자
35,여자,트루케어
35,여자,기타
30,여자,트루케어
34,여자,올리브
34,여자,제주 그린티
28,여자,슈퍼푸드
28,여자,트루케어
28,여자,올리브
40,여자,기타
40,여자,애플 씨드
40,여자,기타
40,여자,제주 알로에
40,여자,기타
45,여자,슈퍼푸드
45,여자,트루케어
31,여자,포레스트
31,여자,기타
31,여자,제주 청보리
